FILENAME,ORIG_SIZE,ORIG_BITRATE
LiveMusic_360P-5281,207392038,82956815
LiveMusic_360P-54d0,207392038,82956815
LiveMusic_360P-1d94,172826740,69130696
LiveMusic_360P-6266,207046320,82873912
LiveMusic_360P-265c,155292675,62220773
LiveMusic_360P-3be0,129367443,51850678
LiveMusic_360P-3979,207391978,82873917
LiveMusic_360P-7483,207046320,82873912
LiveMusic_360P-3b96,172481090,69130697
LiveMusic_360P-22c5,207391976,82956790
LiveMusic_360P-2508,207392040,82873942
LiveMusic_360P-405c,155551962,62158626
LiveMusic_360P-6640,165913698,66365479
LiveMusic_360P-48d5,207046320,82873912
LiveMusic_360P-2b0f,172481070,69130689
LiveMusic_360P-121f,207046320,82873912
LiveMusic_360P-5b57,172481090,69130697
LiveMusic_360P-6a65,129367443,51850678
LiveMusic_720P-4ae2,691226760,276490704
LiveMusic_720P-71c5,689844310,276490705
LiveMusic_720P-3320,828089544,331457330
LiveMusic_720P-66df,826707090,331457335
LiveMusic_720P-0d9f,691226749,276490699
LiveMusic_720P-0cd5,662195276,265165934
LiveMusic_720P-6452,829471996,331788798
LiveMusic_720P-6343,829471996,331788798
LiveMusic_720P-2620,829472012,331788804
LiveMusic_720P-653e,691226760,276490704
LiveMusic_720P-65f6,691226776,276490710
LiveMusic_720P-58db,691226760,276490704
LiveMusic_720P-289b,1657560945,662914466
LiveMusic_720P-267b,691226760,276490704
LiveMusic_480P-38f3,276511972,110604788
LiveMusic_480P-65ca,276511972,110604788
LiveMusic_480P-559d,276051116,110494289
LiveMusic_480P-474a,230426756,92170702
LiveMusic_480P-0638,367482485,147091295
LiveMusic_480P-331a,276051109,110494286
LiveMusic_480P-2a5e,276051116,110494289
LiveMusic_480P-3d03,311071990,124304491
LiveMusic_480P-2019,276051118,110604792
LiveMusic_480P-4c3a,230426736,92170694
LiveMusic_480P-34be,276511982,110494298
LiveMusic_480P-636e,310553536,124304487
LiveMusic_480P-1a91,311071990,124304491
LiveMusic_480P-58fb,276051120,110494291
LiveMusic_480P-6542,276051120,110494291
LiveMusic_480P-61ef,230426736,92170694
LiveMusic_480P-4f88,311072002,124304496
LiveMusic_480P-427e,310553536,124304487
LiveMusic_480P-459c,276511974,110494295
LiveMusic_1080P-6fe2,1552116832,622090914
LiveMusic_1080P-2930,1552116832,622090914
LiveMusic_1080P-541f,1863162162,745763258
LiveMusic_1080P-6bbe,1493018201,597207280
LiveMusic_1080P-28fe,1555227283,622090913
LiveMusic_1080P-1ace,1552116816,622090908
LiveMusic_1080P-3e1a,1552116801,622090902
LiveMusic_1080P-6d1a,1866272621,745763285
LiveMusic_1080P-77e8,1863162162,745763258
LiveMusic_1080P-48d5,1863162146,745763251
LiveMusic_1080P-157b,1552116828,622090913
LiveMusic_1080P-6b1c,1863162162,745763258
LiveMusic_1080P-51f6,1552116832,622090914
LiveMusic_1080P-3f95,1863162166,745763259
LiveMusic_1080P-514e,1866272605,745763278
LiveMusic_1080P-14af,1552116828,622090913
LiveMusic_1080P-2b7a,1863162162,745763258
LiveMusic_1080P-7ead,1863162135,745763247
LiveMusic_1080P-7948,1866272621,745763285
LiveMusic_1080P-2f7f,1552116828,622090913
LiveMusic_1080P-59b3,1399712627,559325725
LiveMusic_1080P-3549,1399712627,559325725
LiveMusic_1080P-21dd,1397379772,559325706
TelevisionClip_360P-11d5,174700289,70554418
TelevisionClip_360P-3b9a,155551946,62158619
TelevisionClip_360P-74dd,207046304,82873906
TelevisionClip_360P-29f1,155292688,62158615
TelevisionClip_360P-0951,110954848,49502505
TelevisionClip_360P-7b23,207046324,82873914
TelevisionClip_720P-1b61,829471998,331457341
TelevisionClip_720P-31ce,662195282,264878112
TelevisionClip_720P-3f4c,586160248,592453137
TelevisionClip_720P-19de,691226764,276490705
TelevisionClip_720P-1862,828089540,331457328
TelevisionClip_720P-4edb,663577703,265165915
TelevisionClip_720P-522a,691226776,276490710
TelevisionClip_720P-4af1,828089540,331457328
TelevisionClip_720P-5e93,689844322,276490710
TelevisionClip_720P-7c06,829471998,331457341
TelevisionClip_720P-44d1,829471996,331788798
TelevisionClip_720P-2b20,663577730,265165926
TelevisionClip_480P-3c64,276511970,110494293
TelevisionClip_480P-09d8,276051118,110604792
TelevisionClip_480P-1b49,276051116,110494289
TelevisionClip_480P-436c,158742941,63539639
TelevisionClip_480P-4c6b,311071986,124304489
TelevisionClip_480P-59f0,276051116,110494289
TelevisionClip_480P-373d,310553520,124304480
TelevisionClip_480P-3284,283423964,113256329
TelevisionClip_480P-415c,311071990,124304491
TelevisionClip_480P-30b6,276511990,110494301
TelevisionClip_480P-280f,368345049,147436551
TelevisionClip_480P-19d3,306851815,122986699
TelevisionClip_480P-0e46,276051120,110494291
TelevisionClip_480P-27ca,276511972,110604788
TelevisionClip_480P-3617,366367981,146547192
TelevisionClip_480P-0d89,310553536,124304487
TelevisionClip_480P-2ead,259426835,103978691
TelevisionClip_480P-723e,276511982,110494298
TelevisionClip_1080P-525d,1863162166,745763259
TelevisionClip_1080P-5e68,1866272621,745763285
TelevisionClip_1080P-3b9b,1866272605,745763278
TelevisionClip_1080P-3d83,1035781566,413864721
TelevisionClip_1080P-3d10,1866272621,745763285
TelevisionClip_1080P-401e,1552116832,622090914
TelevisionClip_1080P-6026,1552116812,622090906
TelevisionClip_1080P-3758,1866272619,746509047
TelevisionClip_1080P-4c24,1489907746,596610689
TelevisionClip_1080P-5278,1533454086,621469437
TelevisionClip_1080P-4c94,1863162150,745763253
TelevisionClip_1080P-0604,1555227283,622090913
TelevisionClip_1080P-3e42,1399712611,559325718
TelevisionClip_1080P-63e6,1866272621,745763285
TelevisionClip_1080P-7eff,1866272617,745763283
TelevisionClip_1080P-68c6,1552116828,622090913
TelevisionClip_1080P-64e2,1552116828,622090913
TelevisionClip_1080P-39e3,1166427293,466570917
TelevisionClip_1080P-6282,1866272621,745763285
HowTo_360P-6093,172826728,69130691
HowTo_360P-5da7,207046291,82956780
HowTo_360P-09f8,207046302,82956784
HowTo_360P-7fb1,207391945,82956778
HowTo_360P-3aa6,165913694,66299178
HowTo_360P-0562,172826728,69130691
HowTo_360P-2a3b,103696262,41478504
HowTo_360P-041c,207391960,82956784
HowTo_360P-4276,207391976,82956790
HowTo_360P-7083,207046293,82873901
HowTo_360P-2074,207391956,82956782
HowTo_360P-7dcd,165913678,66365471
HowTo_360P-2d35,207046304,82873906
HowTo_360P-06be,172826724,69130689
HowTo_360P-1823,207391945,82956778
HowTo_360P-4e4c,172826724,69130689
HowTo_360P-1dba,195985419,78305682
HowTo_360P-18e7,103350612,41478505
HowTo_360P-2fd5,130657013,73831583
HowTo_360P-127f,172481074,69130690
HowTo_360P-6a0e,207391945,82956778
HowTo_360P-55e9,207391962,82873910
HowTo_720P-0a67,828089544,331457330
HowTo_720P-2cc6,828089905,333514247
HowTo_720P-6791,828089527,331788803
HowTo_720P-017a,829472008,331788803
HowTo_720P-06eb,829472008,331788803
HowTo_720P-37d0,829472010,331457346
HowTo_720P-0c47,691226776,276490710
HowTo_720P-21c6,828089544,331457330
HowTo_720P-0b01,663577730,265165926
HowTo_720P-7878,828089527,331788803
HowTo_720P-3813,689844306,276490703
HowTo_720P-4d55,828089556,331457335
HowTo_720P-12f7,1658943385,663577354
HowTo_720P-111e,828089542,331788809
HowTo_720P-4d9e,828089542,331788809
HowTo_720P-479b,828089540,331457328
HowTo_720P-3a5d,829471983,331457335
HowTo_720P-269e,552981536,221192614
HowTo_720P-7782,829471996,331788798
HowTo_720P-7c38,829472008,331788803
HowTo_720P-483c,691226776,276490710
HowTo_720P-6323,829472010,331457346
HowTo_480P-3435,552562525,220988370
HowTo_480P-4a28,310553536,124304487
HowTo_480P-5a3c,368959983,147436556
HowTo_480P-0d00,230426736,92170694
HowTo_480P-64a2,368345049,147436551
HowTo_480P-221e,138256290,55302516
HowTo_480P-4948,18434670,7351746
HowTo_480P-32c9,230426736,92170694
HowTo_480P-4332,276051136,110494297
HowTo_480P-0eb3,366367981,146547192
HowTo_480P-4c99,367231966,146892786
HowTo_480P-63a2,310553532,124304485
HowTo_480P-187c,365270381,147087127
HowTo_480P-4b6a,18434672,7248513
HowTo_480P-04f1,276051114,110604790
HowTo_480P-15c1,200891959,91763050
HowTo_480P-7c11,310553536,124304487
HowTo_480P-60b3,138256290,55302516
HowTo_480P-470b,276511974,110494295
HowTo_480P-56a5,276511968,110604787
HowTo_480P-0cb3,276511972,110604788
HowTo_480P-48ac,367730111,147210114
HowTo_480P-7579,368345034,147436545
HowTo_480P-118d,276511980,110604792
HowTo_480P-2610,18434670,7366501
HowTo_1080P-1f3b,1866272615,746509046
HowTo_1080P-36a9,1847609829,774851484
HowTo_1080P-6cbf,1863162135,745763247
HowTo_1080P-55d1,1863162148,747031588
HowTo_1080P-64f7,1555227283,622090913
HowTo_1080P-63ec,1863162166,745763259
HowTo_1080P-63e4,1866272588,746509035
HowTo_1080P-52bb,933136605,373254642
HowTo_1080P-7399,1866272615,746509046
HowTo_1080P-763c,3729434151,1491526365
HowTo_1080P-63b4,1863162144,746509064
HowTo_1080P-03fd,1866272588,746509035
HowTo_1080P-13aa,1489907762,596610695
HowTo_1080P-0267,1866272611,746509044
HowTo_1080P-7f4c,1863162164,746509072
HowTo_1080P-7f18,1866272617,745763283
HowTo_1080P-4d7b,1863162162,745763258
HowTo_1080P-7cf2,1860051697,744070419
Vlog_360P-4d71,207391945,82956778
Vlog_360P-3121,207391945,82956778
Vlog_360P-5f43,207046318,82956791
Vlog_360P-4697,207391945,82956778
Vlog_360P-0432,207046322,82956792
Vlog_360P-435d,207391945,82956778
Vlog_360P-22a0,207046306,82956786
Vlog_360P-7efe,207391945,82956778
Vlog_360P-7334,207391945,82956778
Vlog_360P-2e9d,172826724,69130689
Vlog_360P-3bc2,207046322,82956792
Vlog_360P-4ad1,207046291,82956780
Vlog_360P-76ae,207391956,82956782
Vlog_360P-6279,207391945,82956778
Vlog_360P-433e,207046306,82956786
Vlog_360P-1e5b,207046322,82956792
Vlog_360P-4795,207391976,82956790
Vlog_360P-2973,207046304,82873906
Vlog_720P-03f9,662195264,265165929
Vlog_720P-343d,828089542,331788809
Vlog_720P-5d08,378703886,151481554
Vlog_720P-329f,663577707,265431082
Vlog_720P-6410,691226776,276490710
Vlog_720P-1003,829471992,331788796
Vlog_720P-5364,829471992,331788796
Vlog_720P-11c5,829471992,331788796
Vlog_720P-033a,691226776,276490710
Vlog_720P-561e,828089542,331788809
Vlog_720P-4e3d,829471996,331788798
Vlog_720P-3e9c,689844310,276490705
Vlog_720P-32b2,828089560,331457336
Vlog_720P-0d79,828089544,331457330
Vlog_720P-135c,691226760,276490704
Vlog_720P-155f,828089552,331457333
Vlog_720P-372d,829472010,331457346
Vlog_720P-03d5,830854450,331788804
Vlog_720P-141f,828089558,331788815
Vlog_720P-2929,828089542,331788809
Vlog_720P-313f,826707090,331114161
Vlog_720P-55b6,829472014,331457348
Vlog_720P-60f8,689844322,276490710
Vlog_720P-6d56,828089552,331457333
Vlog_480P-08c7,368959983,147436556
Vlog_480P-476b,368959983,147436556
Vlog_480P-7615,276511957,110604782
Vlog_480P-1b39,276051109,110494286
Vlog_480P-206f,276051118,110604792
Vlog_480P-6c60,276511968,110604787
Vlog_480P-59dc,276972834,110700650
Vlog_480P-7754,368959983,147436556
Vlog_480P-279d,310553532,124304485
Vlog_480P-0980,311071986,124304489
Vlog_480P-4beb,276051103,110604786
Vlog_480P-5275,230426748,92170699
Vlog_480P-0ddc,311590426,124992862
Vlog_480P-535d,310553532,124304485
Vlog_480P-6395,276511984,110604793
Vlog_480P-5dfe,368345049,147436551
Vlog_480P-7ecf,310553532,124304485
Vlog_480P-5ebd,368345049,147436551
Vlog_480P-2cad,310553532,124304485
Vlog_480P-5a31,310553532,124304485
Vlog_480P-7237,368959983,147436556
Vlog_480P-5e1c,2765721,7367888
Vlog_480P-7105,310553532,124304485
Vlog_480P-7d0c,276511972,110604788
Vlog_480P-34ba,276511974,110494295
Vlog_1080P-322f,1555227283,622090913
Vlog_1080P-3744,3110453941,1244181576
Vlog_1080P-010b,1866272615,746509046
Vlog_1080P-34cb,3726323684,1491526335
Vlog_1080P-2394,1493018217,597207286
Vlog_1080P-7e8c,1866272617,745763283
Vlog_1080P-4921,1552116812,622090906
Vlog_1080P-35cd,1866272603,746509041
Vlog_1080P-1609,1866272605,745763278
Vlog_1080P-5904,3732544604,1493017841
Vlog_1080P-37cf,1866272617,745763283
Vlog_1080P-1df9,3732544608,1493017843
Vlog_1080P-1a53,3726323696,1491526340
Vlog_1080P-6686,3729434124,1491526429
Vlog_1080P-19bb,1866272601,745763277
Vlog_1080P-75b0,3729434151,1491526365
Vlog_1080P-26dc,1866272605,745763278
Vlog_1080P-21f5,1866272617,745763283
Vlog_1080P-1e70,1866272603,746509041
Vlog_1080P-25de,3107343470,1244181569
Vlog_1080P-4f26,1555227283,622090913
Vlog_1080P-23cb,1866272617,745763283
Vlog_1080P-4ba9,1493018217,597207286
Vlog_1080P-7062,1552116828,622090913
Vlog_1080P-62fc,3732544588,1493017835
Vlog_1080P-5f28,3729434139,1491526360
Vlog_1080P-5c65,1866272615,746509046
Vlog_1080P-18da,1493018217,597207286
Vlog_1080P-2600,1863162164,746509072
Vlog_1080P-19cc,1397379748,559325696
Vlog_1080P-7b67,1863162146,745763251
Vlog_1080P-687a,1863162135,745763247
Vlog_1080P-1f0a,1489907762,597207266
Vlog_1080P-5a19,1552116828,622090913
Vlog_1080P-4a91,1863162144,746509064
Vlog_1080P-58ad,1866272605,745763278
Vlog_1080P-634b,1863162150,745763253
Vlog_1080P-232f,1863162150,745763253
Vlog_1080P-52fe,1555227283,622090913
Vlog_1080P-04fe,3732544592,1493017836
Vlog_1080P-2cda,1555227283,622090913
Vlog_1080P-64b6,2130803096,852321238
Vlog_1080P-45c9,1489907750,596610691
Vlog_2160P-059c,7464992875,2983014135
Vlog_2160P-217c,7452551203,2983014029
Vlog_2160P-26ef,7962650415,3181878287
Vlog_2160P-7b10,7452551217,2985997248
Vlog_2160P-255c,6220827445,2488330978
Vlog_2160P-2b2d,6208385785,2488330975
Vlog_2160P-342a,14917543796,5967017518
Vlog_2160P-7f05,7464992857,2985997142
Vlog_2160P-77d8,5971994355,2386411330
Vlog_2160P-030a,5959552699,2386411409
Vlog_2160P-4f98,7464992873,2985997149
Vlog_2160P-5874,6208385758,2488330965
Vlog_2160P-700c,7464992873,2985997149
Vlog_2160P-1ff6,5959552699,2386411409
Vlog_2160P-3a75,7464992873,2985997149
Vlog_2160P-70d6,7464992857,2985997142
Vlog_2160P-1021,7402784581,2976541544
Vlog_2160P-09c9,7452551207,2983014031
Vlog_2160P-4655,6208385785,2488330975
Vlog_2160P-416c,7452551217,2985997248
Vlog_2160P-6bf1,7946061559,3181878393
Vlog_2160P-2953,5959552699,2386411409
Vlog_2160P-7b5c,7452551217,2985997248
Vlog_2160P-62b2,7452551217,2985997248
Vlog_2160P-0577,7452551207,2983014031
Vlog_2160P-7295,7946061559,3181878393
Vlog_2160P-56e4,7464992873,2985997149
Vlog_2160P-327a,7464992873,2985997149
Vlog_2160P-0289,7452551203,2983014029
Vlog_2160P-3019,7452551219,2983014035
Vlog_2160P-13a1,7452551219,2983014035
Vlog_2160P-11c0,7452551219,2983014035
Vlog_2160P-19f9,7452551217,2985997248
Vlog_2160P-7bfb,7464992873,2985997149
Vlog_2160P-7324,6220827441,2488330976
Vlog_2160P-522f,7464992873,2985997149
Vlog_2160P-7f9f,116122566,7962667489
Vlog_2160P-13fe,6208385773,2488330971
Vlog_2160P-03a9,5959552699,2388797661
Vlog_2160P-4362,7464992875,2983014135
Vlog_2160P-266c,7962650415,3181878287
Vlog_2160P-6f92,7452551219,2983014035
Vlog_2160P-4419,6208385785,2488330975
Vlog_2160P-2b61,7962650415,3181878287
Vlog_2160P-6629,7464992859,2983014129
Vlog_2160P-0fb2,7464992848,2983014125
Vlog_2160P-408f,5971994359,2386411332
Vlog_2160P-310b,7464992873,2985997149
HDR_1080P-13eb,7465025120,2986010048
HDR_1080P-69de,2986010212,1194404084
HDR_1080P-687e,7458804264,2986009947
HDR_1080P-3181,466564595,248834450
HDR_1080P-601b,7458804266,2983027120
HDR_1080P-1e5b,7465025120,2986010048
HDR_1080P-7825,2979789357,1194404044
HDR_1080P-282a,2986010224,1194404089
HDR_1080P-55c4,7465025120,2986010048
HDR_1080P-49d6,2979789357,1193210913
HDR_1080P-3749,7458804264,2986009947
HDR_1080P-6eb7,7465025120,2986010048
HDR_1080P-46a4,6220854245,2488341698
HDR_1080P-548b,4138932819,1658890909
HDR_1080P-1be2,7465025120,2986010048
HDR_1080P-33e3,7458804264,2986009947
HDR_1080P-0d31,7465025108,2986010043
HDR_1080P-549e,7458804264,2986009947
HDR_1080P-206d,7458804266,2983027120
HDR_1080P-35f4,7458804264,2986009947
HDR_1080P-68c8,7465025120,2986010048
HDR_1080P-2d32,2986010212,1193210873
HDR_1080P-4f4a,7458804266,2983027120
HDR_1080P-3521,7458804264,2986009947
HDR_1080P-3a4a,7465025120,2986010048
HDR_2160P-6fab,39746830363,15896096572
HDR_2160P-5926,14905069924,5956071897
HDR_2160P-70ca,39780008013,15909365432
HDR_2160P-5c86,29810139263,11922079620
HDR_2160P-4348,29810139263,11922079620
HDR_2160P-382f,29835022513,11932031271
HDR_2160P-1743,29835022513,11932031271
HDR_2160P-5e25,14929953063,5966015209
HDR_2160P-3663,39746830363,15896096572
HDR_2160P-6c6e,15925274677,6363746124
HDR_2160P-6fa4,15925274677,6363746124
HDR_2160P-6eeb,13589566202,6787995105
HDR_2160P-15e2,39746830363,15896096572
HDR_2160P-2a72,39780008013,15909365432
HDR_2160P-4581,11943962521,4777585008
HDR_2160P-0e7a,29685722991,11872321359
HDR_2160P-664d,12441627619,4976651047
HDR_2160P-51ea,15892097027,6350488322
HDR_2160P-3bf1,29835022495,11932031263
HDR_2160P-4dcd,39780008013,15909365432
HDR_2160P-5275,14905069924,5956071897
HDR_2160P-1e9e,29810139263,11922079620
HDR_2160P-6ed1,39780008013,15909365432
HDR_2160P-40ab,12441627619,4976651047
HDR_2160P-06ae,11919079271,4767631708
HDR_2160P-5cdf,29810139257,11922079618
HDR_2160P-351f,29810139263,11922079620
Animation_360P-631c,103696255,41478502
Animation_360P-3e40,207391945,82956778
Animation_360P-08c9,207391945,82956778
Animation_360P-5712,207391945,82956778
Animation_360P-7856,207391978,82873917
Animation_360P-24d4,124182428,49776670
Animation_360P-3e52,207046304,82873906
Animation_360P-5de0,207391956,82956782
Animation_360P-188f,207046293,82873901
Animation_360P-47cc,207391945,82956778
Animation_360P-4b4c,207046295,82956782
Animation_360P-4edc,207046295,82956782
Animation_360P-69e0,207391958,82873909
Animation_360P-794f,207391947,82873904
Animation_720P-0acc,663577703,265165915
Animation_720P-0116,663577730,265431092
Animation_720P-41cf,689844310,276490705
Animation_720P-4b17,829471992,331788796
Animation_720P-5bfc,691226772,276490708
Animation_720P-7e7d,828089531,331788804
Animation_720P-4268,829471983,331457335
Animation_720P-01b3,691226764,276490705
Animation_720P-13b7,828089542,331788809
Animation_720P-06a6,829471996,331788798
Animation_720P-7ff2,828089531,331788804
Animation_720P-6372,829472008,331788803
Animation_720P-0c8f,663577703,265431081
Animation_720P-431c,689844310,276490705
Animation_720P-7b29,663577726,265431090
Animation_720P-620f,691226760,276490704
Animation_720P-412a,662195280,265165936
Animation_720P-26d2,829471994,331457340
Animation_720P-3adc,276491082,110596432
Animation_720P-41d6,622111981,248844792
Animation_720P-2abf,691226760,276490704
Animation_720P-2525,691226780,276490712
Animation_720P-57d9,828089560,331457336
Animation_720P-1a6d,691226776,276490710
Animation_720P-79ee,663577714,265431085
Animation_480P-3e06,276511970,110494293
Animation_480P-0529,276511990,110494301
Animation_480P-4b86,310553540,124304488
Animation_480P-6ef6,230426736,92170694
Animation_480P-0d04,369207603,147929595
Animation_480P-4b80,276051114,110604790
Animation_480P-6e23,368959983,147436556
Animation_480P-35ee,311071984,124428793
Animation_480P-4e36,230426736,92170694
Animation_480P-791b,276051120,110494291
Animation_480P-52af,368345049,147436551
Animation_480P-7114,307466749,122986699
Animation_480P-1da7,115601299,50196356
Animation_480P-087e,108357068,63935852
Animation_480P-6ff4,368959983,147436556
Animation_480P-70d4,311071972,124428788
Animation_480P-073c,229965886,92170695
Animation_480P-08a5,230426736,92170694
Animation_480P-7ef2,306851815,122986699
Animation_480P-046c,276511990,110494301
Animation_480P-66c0,310553522,124034767
Animation_480P-3fdf,229965882,92170694
Animation_480P-7a31,72815244,29494782
Animation_1080P-7f27,1863162150,745763253
Animation_1080P-58d3,1863162146,745763251
Animation_1080P-5dd8,1866272605,745763278
Animation_1080P-01b3,1866272605,745763278
Animation_1080P-646f,1866272617,745763283
Animation_1080P-0c4f,1489907750,596610691
Animation_1080P-18f5,1863162150,745763253
Animation_1080P-3d67,248836873,99534749
Animation_1080P-5083,1555227271,622090908
Animation_1080P-3dbf,1493018217,597207286
Animation_1080P-2fbe,1493018205,596610671
Animation_1080P-05f8,1552116828,622090913
Animation_1080P-66ba,1166427293,466570917
Animation_1080P-6a33,1493018190,596610665
Animation_1080P-6ec0,1866272621,745763285
Animation_1080P-209f,1555227271,622090908
Animation_1080P-2fff,1552116816,622090908
Animation_1080P-0cdf,1866272603,746509041
Animation_1080P-3e01,743398954,298603773
Animation_1080P-21dd,1489907762,596610695
Animation_1080P-4ea8,1493018217,597207286
Animation_1080P-4214,1555227283,622090913
Animation_1080P-4be3,1489907735,596610685
Animation_2160P-6f3b,5019272315,2011900317
Animation_2160P-41dc,3720055478,1492998804
Lecture_360P-7a57,207046324,82873914
Lecture_360P-6d29,207046318,82956791
Lecture_360P-20c3,97128860,41041610
Lecture_360P-03bc,172826744,69130697
Lecture_360P-5594,207391978,82873917
Lecture_360P-5d0a,172481063,69130686
Lecture_360P-30eb,207391978,82873917
Lecture_360P-051a,129367474,51850690
Lecture_360P-6656,207046324,82873914
Lecture_360P-4f00,91944046,41478515
Lecture_360P-7550,93326660,41677611
Lecture_360P-2276,172481090,69130697
Lecture_360P-5aea,207046324,82873914
Lecture_360P-2d1f,207391945,82956778
Lecture_360P-6702,207391978,82873917
Lecture_360P-3590,207046324,82873914
Lecture_360P-506c,71896224,32383717
Lecture_360P-27db,95400586,41478515
Lecture_360P-311d,172481090,69130697
Lecture_360P-5779,174991951,69996780
Lecture_360P-2c55,207391978,82873917
Lecture_360P-7f7e,172481090,69130697
Lecture_360P-44c2,207046390,82873940
Lecture_360P-4bb4,172826744,69130697
Lecture_360P-114f,172481090,69130697
Lecture_720P-1f22,828089542,331788809
Lecture_720P-2442,663577734,265431093
Lecture_720P-094d,551599076,220451618
Lecture_720P-7dcf,828089544,331457330
Lecture_720P-6951,829471998,331457010
Lecture_720P-3b7f,829472010,331457346
Lecture_720P-003a,662195249,265431072
Lecture_720P-0f64,663577718,265431087
Lecture_720P-2b0f,79630185,79232034
Lecture_720P-1033,689844322,276490710
Lecture_720P-7189,691226776,276490710
Lecture_720P-10bc,604132214,258253387
Lecture_720P-1e62,829471996,331788798
Lecture_720P-2f38,829471992,331788796
Lecture_720P-2f8c,828089554,331788814
Lecture_720P-5c7e,663577734,265165927
Lecture_720P-3f9f,618487447,247808000
Lecture_720P-50b9,551599176,187825934
Lecture_720P-53a1,828089544,331457330
Lecture_720P-07e0,829471996,331788798
Lecture_720P-6016,828089540,331457328
Lecture_720P-7e40,828089556,331457335
Lecture_720P-4c87,829472014,331457348
Lecture_720P-5120,829472010,331457346
Lecture_720P-11e7,689844299,276490701
Lecture_720P-5725,691226776,276490710
Lecture_720P-26df,413353848,165894515
Lecture_480P-2655,276511972,110604788
Lecture_480P-1ec3,155536294,62214517
Lecture_480P-11df,311071998,124304494
Lecture_480P-71d6,276511990,110494301
Lecture_480P-7e55,277375972,110950388
Lecture_480P-7205,230426725,92170690
Lecture_480P-2ed0,229965882,92170694
Lecture_480P-7d77,230426736,92170694
Lecture_480P-4272,92171042,36868416
Lecture_480P-5aee,151842474,60777607
Lecture_480P-4bc3,368959981,147583992
Lecture_480P-02f2,311071963,124304480
Lecture_480P-5f3a,151842474,60777607
Lecture_480P-3bdc,138256274,55302509
Lecture_480P-4c86,311071986,124304489
Lecture_480P-42c3,275188558,110259192
Lecture_480P-41b7,276051136,110494297
Lecture_480P-5cd7,311071986,124304489
Lecture_480P-71c0,229965882,92170694
Lecture_480P-74cf,310553532,124304485
Lecture_480P-181a,266373210,107769624
Lecture_480P-74ea,230426736,92170694
Lecture_480P-2513,230426729,92170691
Lecture_480P-7eec,368959983,147436556
Lecture_480P-73f6,276511982,110494298
Lecture_480P-369f,295859313,118343725
Lecture_480P-6b1e,92171042,36868416
Lecture_480P-6191,230426725,92170690
Lecture_1080P-011f,1164094434,466570915
Lecture_1080P-1daf,1164094422,466570910
Lecture_1080P-454c,1166427279,466570911
Lecture_1080P-5d58,1166427277,466570910
Lecture_1080P-3cf3,1552116828,622090913
Lecture_1080P-412e,1552116812,622090906
Lecture_1080P-1709,1552116832,622090914
Lecture_1080P-1b5f,1552116828,622090913
Lecture_1080P-4991,1164807283,465922913
Lecture_1080P-3077,1552116816,622090908
Lecture_1080P-3dc4,1866272621,745763285
Lecture_1080P-51b8,1555227271,622090908
Lecture_1080P-3ce0,3110453925,1244181570
Lecture_1080P-50a2,1552116816,622090908
Lecture_1080P-0c8a,1493018217,596610676
Lecture_1080P-73d5,1555227283,622090913
Lecture_1080P-0201,1866272615,746509046
Lecture_1080P-280a,1555227271,622090908
Lecture_1080P-238b,1552116816,622090908
Lecture_1080P-2b11,1555227267,622090906
Lecture_1080P-6089,1493018217,596610676
Lecture_1080P-547b,1552116812,622090906
Lecture_1080P-5083,1555227271,622090908
Lecture_1080P-1969,1866272592,746509036
Gaming_360P-21d2,129626701,51850680
Gaming_360P-3eb6,413400751,165335409
Gaming_360P-2164,172826724,69130689
Gaming_360P-5e0f,150367927,60147170
Gaming_360P-586d,414783347,166048834
Gaming_360P-2330,207046304,82873906
Gaming_360P-043e,145831939,58332775
Gaming_360P-48b0,122886106,51682681
Gaming_360P-2141,158654971,63536710
Gaming_360P-0b98,207046306,82956786
Gaming_360P-7975,207391960,82956784
Gaming_360P-5635,207391962,82873910
Gaming_360P-279f,207391945,82956778
Gaming_360P-215f,207046291,82956780
Gaming_360P-3a6b,207046320,82873912
Gaming_360P-7007,414437695,165913333
Gaming_360P-6207,207046306,82956786
Gaming_360P-2f99,314198534,125361415
Gaming_360P-187a,207046308,82873907
Gaming_360P-73c7,165913694,66299178
Gaming_360P-7acb,207046291,82956780
Gaming_360P-63e6,207392142,67618132
Gaming_360P-3794,159000775,51173360
Gaming_360P-4f09,207391960,82956784
Gaming_360P-56fe,165568028,66365470
Gaming_720P-6658,828089531,331788804
Gaming_720P-312f,1658943399,664119280
Gaming_720P-493e,829471983,331457335
Gaming_720P-0fba,1658943370,663577348
Gaming_720P-64b0,829471994,331457340
Gaming_720P-25aa,829471998,331457341
Gaming_720P-5973,828089542,331788809
Gaming_720P-6a45,829471996,331788798
Gaming_720P-469a,1658943381,663577352
Gaming_720P-4813,1657560941,665568077
Gaming_720P-6625,829471998,331457341
Gaming_720P-221d,561276116,297880004
Gaming_720P-7afd,828089542,331788809
Gaming_720P-5ba2,828089538,331788807
Gaming_720P-4cda,829471996,331788798
Gaming_720P-0fdb,829471996,331788798
Gaming_720P-103a,828089554,331788814
Gaming_720P-1cbb,828089542,331788809
Gaming_720P-3524,828089538,331788807
Gaming_720P-324d,2488352612,991890555
Gaming_720P-6403,1657560916,663577325
Gaming_720P-2dbe,828089556,331457335
Gaming_720P-1035,828089544,331457330
Gaming_720P-40b2,828089544,331457330
Gaming_480P-61ee,645193812,258077524
Gaming_480P-0a03,310553532,124304485
Gaming_480P-6a5a,368345049,147436551
Gaming_480P-0dbc,310553524,124304482
Gaming_480P-6f4b,373279982,149311992
Gaming_480P-6548,276511998,110494304
Gaming_480P-3a44,311071978,124304486
Gaming_480P-5a5a,307466749,122986699
Gaming_480P-6d1e,244543969,97719867
Gaming_480P-6cdc,276511998,110494304
Gaming_480P-0109,223513925,91602917
Gaming_480P-445b,276511974,110494295
Gaming_480P-75f7,276051144,110494300
Gaming_480P-20ca,310553532,124304485
Gaming_480P-6c92,369547184,147848739
Gaming_480P-626a,369207603,147929595
Gaming_480P-4560,681960397,292929349
Gaming_480P-7ccb,367482503,147341463
Gaming_480P-14fc,368345049,147436551
Gaming_480P-0d23,276051128,109130059
Gaming_480P-7a08,322597198,129038879
Gaming_480P-0a30,553023361,221209344
Gaming_480P-09ab,366367981,146547192
Gaming_480P-062e,310553532,124304485
Gaming_480P-7e76,310553532,124304485
Gaming_480P-7893,368959983,147436556
Gaming_480P-6491,311072002,124146764
Gaming_480P-1542,368345049,147436551
Gaming_1080P-1704,3732544604,1493017841
Gaming_1080P-0ce6,1863162148,746509065
Gaming_1080P-6e45,1866272588,746509035
Gaming_1080P-277c,1552116801,622090902
Gaming_1080P-6530,1552116816,622090908
Gaming_1080P-6dc6,1866272603,746509041
Gaming_1080P-3d58,3667225068,1468134197
Gaming_1080P-2e97,3729434137,1493017786
Gaming_1080P-3a9d,1493018201,596610669
Gaming_1080P-55ac,1866272599,746509039
Gaming_1080P-44c4,3667225068,1468134197
Gaming_1080P-6d53,3732544604,1493017841
Gaming_1080P-777b,3667225068,1468134197
Gaming_1080P-4865,3726323696,1491526340
Gaming_1080P-190d,3667225068,1468134197
Gaming_1080P-26dc,1866272601,745763277
Gaming_1080P-173a,1866272603,746509041
Gaming_1080P-5ae7,3729434133,1493017784
Gaming_1080P-66d2,1866272615,746509046
Gaming_1080P-29b1,1866272605,745763278
Gaming_1080P-57ca,3066907495,1287454166
Gaming_1080P-12d4,1866272615,746509046
Gaming_1080P-223e,1866272613,745763281
Gaming_1080P-2927,3729434149,1493017791
Gaming_1080P-564e,3729434133,1493017784
Gaming_1080P-0a5b,3723213216,1489509234
Gaming_1080P-6db2,1866272617,745763283
Gaming_1080P-58ba,1164094422,466570910
Gaming_1080P-7a1e,1866272605,745763278
Gaming_1080P-45af,1866272617,745763283
Gaming_1080P-592a,3732544596,1493017838
Gaming_1080P-13e3,3729434135,1491526358
Gaming_1080P-3bf7,3729434133,1493017784
Gaming_1080P-0ef8,1863162150,745763253
Gaming_1080P-51fc,3732544604,1493017841
Gaming_1080P-6578,3729434149,1493017791
Gaming_1080P-72c8,1866272599,746509039
Gaming_1080P-2221,2827402460,1287454122
Gaming_1080P-698a,3729434149,1493017791
Gaming_1080P-71a5,1751185644,970461700
Gaming_1080P-35fa,1863162160,746509070
Gaming_1080P-45fc,3729434141,1493017788
Gaming_2160P-7ff0,14357669364,5743067745
Gaming_2160P-3a25,14668710714,5867484285
Gaming_2160P-3002,5971994355,2388797742
Gaming_2160P-4139,7452551219,2983014035
Gaming_2160P-4258,14917543812,5967017524
Gaming_2160P-6bb6,14929985462,5971994184
Gaming_2160P-6cd8,12429212949,4971685179
Gaming_2160P-2dc4,14892660156,5956076544
Gaming_2160P-387f,7452551219,2983014035
Gaming_2160P-348d,7464992875,2983014135
Gaming_2160P-673d,7464992861,2985997144
Gaming_2160P-28de,7464992875,2983014135
Gaming_2160P-416f,7464992875,2983014135
Gaming_2160P-3ce4,14929985462,5971994184
Gaming_2160P-67b0,14929985462,5971994184
Gaming_2160P-31f6,14743360636,5897344254
Gaming_2160P-5c33,7464992859,2983014129
Gaming_2160P-2436,14917543812,5967017524
Gaming_2160P-7e80,7452551201,2985997242
Gaming_2160P-2b92,6635547459,2654218983
Gaming_2160P-34a1,14929985462,5971994184
Gaming_2160P-3aec,14693594020,5877437608
Gaming_2160P-2cb1,14880218498,5951100706
Gaming_2160P-5c53,7464992875,2983014135
VerticalVideo_360P-5429,168986727,67594690
VerticalVideo_360P-3b4e,229965896,90736526
VerticalVideo_360P-42f1,262681436,105247991
VerticalVideo_360P-49de,220748842,88270041
VerticalVideo_360P-694d,138256270,55796544
VerticalVideo_360P-579c,92349479,51845321
VerticalVideo_360P-6ff2,273746872,107526297
VerticalVideo_360P-52c1,64715918,26165773
VerticalVideo_360P-634f,300621235,120459521
VerticalVideo_360P-2fa3,338286954,132099886
VerticalVideo_360P-0d29,220287902,97295362
VerticalVideo_360P-1424,304732265,121183208
VerticalVideo_360P-7ba8,466591989,186450345
VerticalVideo_360P-7ec3,263119970,105247988
VerticalVideo_360P-2bb0,307961258,123308934
VerticalVideo_360P-70a9,207381497,82952598
VerticalVideo_360P-145e,230426738,92299734
VerticalVideo_360P-54f7,510958707,246310892
VerticalVideo_360P-6490,105246402,42127595
VerticalVideo_360P-3936,116477470,46622145
VerticalVideo_720P-19fa,828089540,331280041
VerticalVideo_720P-6580,250224459,100244616
VerticalVideo_720P-2efc,778321247,310908228
VerticalVideo_720P-7859,829472012,331987881
VerticalVideo_720P-7c1d,908271560,560866675
VerticalVideo_720P-0dac,828089533,331457326
VerticalVideo_720P-665d,821177282,328736334
VerticalVideo_720P-456c,829471981,331788792
VerticalVideo_720P-0750,829471996,330682829
VerticalVideo_720P-44de,536391976,557648563
VerticalVideo_720P-4ca7,1793468198,717387279
VerticalVideo_720P-0f61,1763631398,705452559
VerticalVideo_720P-669d,828089527,331788803
VerticalVideo_720P-42f2,778321358,284752258
VerticalVideo_720P-1ada,826707092,330550120
VerticalVideo_720P-7517,750401750,300160700
VerticalVideo_720P-57eb,829471981,331788792
VerticalVideo_720P-3df7,828089546,331788810
VerticalVideo_720P-4730,829472012,331788804
VerticalVideo_720P-6bf7,832236896,332905827
VerticalVideo_480P-34b9,369823977,148038073
VerticalVideo_480P-7278,466457068,211841433
VerticalVideo_480P-572a,369823977,148038073
VerticalVideo_480P-2fa4,581157857,234858689
VerticalVideo_480P-419c,365757379,146547201
VerticalVideo_480P-2aa1,591008003,236403201
VerticalVideo_480P-729c,839833733,335933493
VerticalVideo_480P-790a,1090633503,437242553
VerticalVideo_480P-550d,634348290,2130464796
VerticalVideo_480P-5168,1305463546,521923673
VerticalVideo_480P-3a6a,1733494146,787113340
VerticalVideo_480P-1bb9,707820779,283128311
VerticalVideo_480P-467e,368959966,147583986
VerticalVideo_480P-51b7,271864009,110408308
VerticalVideo_1080P-3a9b,2979814588,1942590175
VerticalVideo_1080P-04d4,1863162150,742776484
VerticalVideo_1080P-4591,1838278528,741308373
VerticalVideo_1080P-2195,1880096588,752038635
VerticalVideo_1080P-34ba,1804063338,2779750579
VerticalVideo_1080P-2f00,1866272603,746509041
VerticalVideo_1080P-3709,1866272603,746509041
VerticalVideo_1080P-4b92,1866272603,746509041
VerticalVideo_1080P-360f,2571464691,1076116601
VerticalVideo_1080P-30b0,1500943906,601630940
VerticalVideo_1080P-7cf3,1866272619,746509047
VerticalVideo_1080P-4da5,8532256081,3892876377
VerticalVideo_1080P-766b,1863162162,745763258
VerticalVideo_1080P-1c86,1863162148,746509065
VerticalVideo_1080P-7c5c,3729434155,1491526366
VerticalVideo_1080P-1105,1866272603,746509041
VerticalVideo_1080P-73b6,3729434155,1491526366
VerticalVideo_1080P-4925,1866272603,746509041
VerticalVideo_1080P-3d96,933136527,745763458
VerticalVideo_1080P-1ac1,1866272605,745314600
VerticalVideo_1080P-6e19,752038994,301592696
VerticalVideo_2160P-6d62,7452551205,2985997243
LyricVideo_480P-5c17,276511968,110604787
LyricVideo_1080P-63d4,1866272590,745763272
LyricVideo_1080P-5461,1866272619,746509047
VR_720P-557f,828089915,330240587
VR_720P-0641,738745763,324737079
VR_720P-339f,737312515,294925006
VR_720P-32ed,614427267,245770906
VR_720P-09ae,828089715,562039285
VR_720P-00d2,933152504,372888113
VR_720P-748e,826707265,472412047
VR_720P-448a,294926200,133817844
VR_720P-43fc,828090062,331789017
VR_720P-23a9,663578222,265431288
VR_720P-364f,829472577,331457573
VR_720P-403e,737312501,294630370
VR_720P-3386,614427271,245770908
VR_720P-1dd7,663578222,265431288
VR_720P-380e,931597252,373261014
VR_720P-063e,829472500,331789000
VR_720P-1b9a,829472516,331789006
VR_720P-7f3e,736083647,294630360
VR_1080P-384e,1656148398,662902376
VR_1080P-1010,1884324132,754987991
VR_1080P-506a,1327131015,530322083
VR_1080P-6261,3315060246,1325804280
VR_1080P-38d6,1863162670,745763461
VR_1080P-4aeb,1863162654,745763455
VR_1080P-1a9c,1489908270,596610899
VR_1080P-3958,1887469911,754987964
VR_1080P-052d,1656148398,662902376
VR_1080P-050c,1658913128,662902348
VR_1080P-3d5f,3019951197,1206773705
VR_1080P-0597,1887469913,754233731
VR_1080P-1d16,3973044316,1590944617
VR_1080P-6cc4,1884324132,754987991
VR_1080P-3b63,3726324208,1491526544
VR_1080P-313b,1658913253,662902398
VR_1080P-43b2,1658913124,662902347
VR_1080P-76a2,1863162670,745763461
VR_1080P-5667,1324365869,530321985
VR_1080P-0427,829457253,331451449
VR_1080P-3e1b,1658913659,663565463
VR_1080P-7067,1866273111,746509244
VR_1080P-3f81,1887469915,754987966
VR_1080P-77eb,1863162658,745265063
VR_1080P-2d91,1324365869,530321985
VR_1080P-6501,1656148263,663565269
VR_1080P-04fc,3315060242,1325804278
VR_1080P-2831,3726324188,1491526536
VR_1080P-292f,1468138188,662902380
VR_1080P-2f02,1327130724,530321967
VR_1080P-6093,1658913253,662902398
VR_1080P-08f0,4195605917,1679642012
VR_1080P-0f2c,1379662939,552971117
VR_1080P-7abd,1658913659,663565463
VR_1080P-4d74,1656148255,663565266
VR_1080P-0519,1656148269,662902325
VR_2160P-1456,7464993485,2983014379
VR_2160P-29c3,11214062282,4485624912
VR_2160P-613e,6635553328,2651569761
VR_2160P-0ba9,6027241663,2413516416
VR_2160P-6d4f,7464993387,2983014340
VR_2160P-0e03,5674918295,3019912241
VR_2160P-5e5d,6624494168,2651569711
VR_2160P-6d71,7537197607,3016895233
VR_2160P-7947,5783990501,2583353455
VR_2160P-674b,7549780587,3016895339
VR_2160P-7977,6624494068,2651569671
VR_2160P-1546,7464993358,2983014328
VR_2160P-5489,5529627965,2211851186
VR_2160P-5c23,7549780591,3016895341
VR_2160P-2227,6278900989,2516593582
VR_2160P-4656,20132692847,8053077138
VR_2160P-2dc9,15086977467,6033790584
VR_2160P-6567,7452551711,2983014232
VR_2160P-0edf,7464993374,2983014335
VR_2160P-12ac,6220827796,2488331118
VR_2160P-1422,6635553340,2651569766
VR_2160P-5726,7464993362,2983014330
VR_2160P-1c15,5971994918,2386411555
VR_2160P-3b3a,7549780644,3019912257
VR_2160P-7874,6291484012,2516593604
VR_2160P-176f,6624494196,2651569722
VR_2160P-097e,3720055478,1492998804
VR_2160P-42fa,6291484012,2516593604
VR_2160P-40af,7549780587,3016895339
VR_2160P-05a6,7464993367,2983014332
VR_2160P-7eab,6624494623,2651569893
VR_2160P-36ac,29904110275,11949682477
VR_2160P-4725,5518568654,2211851163
VR_2160P-1477,7452551702,2983014229
VR_2160P-779d,7549780642,3016895361
LyricVideo_360P-0ac7,129626712,51850684
LyricVideo_360P-5b54,207046324,82873914
LyricVideo_360P-17ce,129626701,51850680
LyricVideo_360P-5e87,41478833,16591533
LyricVideo_360P-7fb1,165913678,66365471
LyricVideo_360P-3afc,129626712,51850684
LyricVideo_360P-5868,207046324,82873914
LyricVideo_720P-6f0c,829471981,331788792
LyricVideo_720P-7f44,691226772,276490708
LyricVideo_720P-068d,829471994,331457340
LyricVideo_720P-1c89,829471998,331457341
LyricVideo_720P-2d24,828089544,331457330
LyricVideo_720P-0940,829472008,331788803
LyricVideo_720P-74a0,829472010,331457346
LyricVideo_720P-09ed,828089552,331457333
LyricVideo_720P-6fc9,828089554,331788814
LyricVideo_720P-47a9,662195264,265165929
LyricVideo_720P-081c,828089538,331788807
LyricVideo_720P-739a,691226760,276490704
LyricVideo_720P-5d3a,622111983,248596197
LyricVideo_720P-36fb,829471992,331788796
LyricVideo_720P-4253,662195249,265165923
LyricVideo_720P-7003,689844322,276490710
LyricVideo_720P-0ae4,829471994,331457340
LyricVideo_720P-59ed,1382452922,552981168
LyricVideo_480P-3b2c,311071990,124304491
LyricVideo_480P-200a,229044174,92170693
LyricVideo_480P-6fca,366367983,146400792
LyricVideo_480P-4346,368345061,147436556
LyricVideo_480P-0f72,366367983,146400792
LyricVideo_480P-1484,368959983,147436556
LyricVideo_480P-6385,276511968,110604787
LyricVideo_480P-3ccf,229965882,92170694
LyricVideo_480P-2c50,276051114,110604790
LyricVideo_480P-0722,276511968,110604787
LyricVideo_480P-0a5b,230426736,92170694
LyricVideo_480P-51e4,276051118,110604792
LyricVideo_480P-7919,276511968,110604787
LyricVideo_1080P-3803,1863162146,745763251
LyricVideo_1080P-0075,1863162150,745763253
LyricVideo_1080P-12af,1866272605,745763278
LyricVideo_1080P-584f,1555227256,622090902
LyricVideo_1080P-16b6,1866272619,746509047
LyricVideo_1080P-756a,1863162162,745763258
LyricVideo_1080P-11f0,1598773535,698334302
LyricVideo_1080P-0625,1863162162,745763258
LyricVideo_1080P-5a1f,1863162162,745763258
LyricVideo_1080P-1b04,1399712627,559325725
LyricVideo_1080P-23db,1533453980,698334309
LyricVideo_1080P-2946,1555227267,622090906
LyricVideo_1080P-28e8,2797091741,1120684312
LyricVideo_1080P-63d9,1164094422,466570910
LyricVideo_1080P-1d75,1863162150,745763253
LyricVideo_1080P-4b40,1552116828,622090913
LyricVideo_1080P-41ee,3110453929,1244181571
LyricVideo_1080P-3b60,1863162150,745763253
LyricVideo_1080P-725e,1866272605,745763278
CoverSong_360P-1b2b,207391978,82873917
CoverSong_360P-53a6,207391949,82956779
CoverSong_360P-5d20,155551960,62220784
CoverSong_360P-5a24,207046324,82873914
CoverSong_360P-14b9,207391947,82873904
CoverSong_360P-0aa2,207391949,82956779
CoverSong_360P-0a9d,60489715,24226304
CoverSong_360P-3218,145174531,58069812
CoverSong_360P-2b4d,155551933,62220773
CoverSong_360P-67ec,207046324,82873914
CoverSong_360P-2146,103350569,43909128
CoverSong_360P-4add,207046324,82873914
CoverSong_360P-59d1,207391949,82956779
CoverSong_360P-6da7,207391945,82956778
CoverSong_360P-69ef,155551933,62220773
CoverSong_360P-11f9,103004893,45687164
CoverSong_360P-13d2,172826744,69130697
CoverSong_360P-6d6a,100585377,40809319
CoverSong_720P-449f,828089529,331457324
CoverSong_720P-2d05,689844310,276490705
CoverSong_720P-0239,829472012,331788804
CoverSong_720P-6d6a,829472004,331788801
CoverSong_720P-7539,663577714,265431085
CoverSong_720P-05d6,828089544,331457330
CoverSong_720P-3dca,663577714,265431085
CoverSong_720P-5689,622111979,248596195
CoverSong_720P-5ba2,828089556,331457335
CoverSong_720P-1393,829471981,331788792
CoverSong_720P-10f1,828089560,331457336
CoverSong_720P-01a1,829472012,331788804
CoverSong_720P-7360,828089533,331457326
CoverSong_720P-60d3,833619366,333115946
CoverSong_720P-4006,691226780,276490712
CoverSong_720P-6ae4,829471996,331788798
CoverSong_720P-6626,414736287,165894514
CoverSong_720P-014c,829472010,331457346
CoverSong_720P-6d81,828089560,331457336
CoverSong_720P-6b8c,691226764,276490705
CoverSong_480P-6c3e,311072002,124304496
CoverSong_480P-7f6d,368959983,147436556
CoverSong_480P-60a6,269138307,109200105
CoverSong_480P-4d34,272825129,110298771
CoverSong_480P-0170,138256263,55708057
CoverSong_480P-3e4b,276511974,110494295
CoverSong_480P-2711,368959968,147436550
CoverSong_480P-2d2c,276511980,110604792
CoverSong_480P-59f2,76731494,45478963
CoverSong_480P-6c50,276511972,110604788
CoverSong_480P-2207,276511968,110604787
CoverSong_480P-3076,275129418,110129193
CoverSong_480P-2142,368345049,147436551
CoverSong_480P-64d0,230426736,92170694
CoverSong_480P-1019,230426736,92170694
CoverSong_480P-3e92,460852914,184341165
CoverSong_480P-7443,276511968,110604787
CoverSong_480P-35e1,276051114,110604790
CoverSong_480P-5b62,265451643,91101531
CoverSong_480P-53f4,276511972,110604788
CoverSong_480P-3f3b,276051118,110604792
CoverSong_480P-1109,230426736,92170694
CoverSong_480P-41a5,151621004,60674209
CoverSong_1080P-033d,1866272615,746509046
CoverSong_1080P-1963,1866272605,745763278
CoverSong_1080P-5cae,1863162144,746509064
CoverSong_1080P-3df8,1863162150,745763253
CoverSong_1080P-237f,1552116801,622090902
CoverSong_1080P-0188,1555227283,622090913
CoverSong_1080P-5456,1866272605,745763278
CoverSong_1080P-3499,1552116832,622090914
CoverSong_1080P-1b08,1555227267,622090906
CoverSong_1080P-1b0c,1847609879,739641137
CoverSong_1080P-0f33,1866272588,746509035
CoverSong_1080P-5430,1863162135,745763247
CoverSong_1080P-6f26,1164094438,466570917
CoverSong_1080P-0a86,1866272615,746509046
CoverSong_1080P-0cdc,1866272605,745763278
CoverSong_1080P-4bad,3732544592,1493017836
CoverSong_1080P-0f3a,1164094438,466570917
CoverSong_1080P-5f92,1863162150,745763253
CoverSong_1080P-3aac,1489907766,597207268
CoverSong_1080P-2207,1166427293,466570917
CoverSong_1080P-3409,1555227275,622090910
CoverSong_1080P-5e69,1860051693,746509053
MusicVideo_360P-4de7,155292708,62158623
MusicVideo_360P-5578,155551946,62158619
MusicVideo_360P-7b94,165568024,66299174
MusicVideo_360P-5699,207391960,82956784
MusicVideo_360P-2fcb,172826744,69130697
MusicVideo_360P-17e4,207046320,82873912
MusicVideo_360P-462f,207391974,82873915
MusicVideo_360P-5358,207046304,82873906
MusicVideo_360P-24b0,207391976,82956790
MusicVideo_360P-648c,207391951,82873906
MusicVideo_360P-08cb,172135418,69009019
MusicVideo_360P-5f07,165568017,66299171
MusicVideo_360P-5f8d,207391962,82873910
MusicVideo_720P-3698,828089544,331457330
MusicVideo_720P-0355,829471994,331457340
MusicVideo_720P-7bcf,1656178491,662914455
MusicVideo_720P-44c1,663577730,265165926
MusicVideo_720P-7501,828089544,331457330
MusicVideo_720P-4ad2,829471998,331457341
MusicVideo_720P-4895,1656178491,662914455
MusicVideo_720P-3b11,621075140,248596192
MusicVideo_720P-734f,663577718,265165921
MusicVideo_720P-2d7d,1658943401,663577360
MusicVideo_720P-3c4c,689844322,276490710
MusicVideo_720P-62df,689844322,276490710
MusicVideo_720P-5c9c,1382452934,552981173
MusicVideo_720P-575d,828089527,331788803
MusicVideo_720P-14f0,829471981,331788792
MusicVideo_720P-4179,662195276,265165934
MusicVideo_720P-0752,663577734,265165927
MusicVideo_480P-12fb,230426736,92170694
MusicVideo_480P-3c8b,229965875,92170691
MusicVideo_480P-483b,310553520,124304480
MusicVideo_480P-2de0,235714363,94474694
MusicVideo_480P-4802,368345049,147436551
MusicVideo_480P-61ba,310553520,124304480
MusicVideo_480P-6026,276051103,110604786
MusicVideo_480P-5461,368345049,147436551
MusicVideo_480P-1eee,276051114,110604790
MusicVideo_480P-7955,368959981,147583992
MusicVideo_480P-66b2,137795413,55302505
MusicVideo_480P-0448,230426738,92030597
MusicVideo_480P-4cc8,368959983,147436556
MusicVideo_480P-6fb6,230426736,92078615
MusicVideo_480P-001f,310553532,124304485
MusicVideo_480P-7643,466591983,186636793
MusicVideo_480P-3aa2,368959983,147436556
MusicVideo_480P-5830,276511957,110604782
MusicVideo_480P-41ce,310553532,124304485
MusicVideo_480P-184c,230426736,92170694
MusicVideo_1080P-16e6,1555227287,622090914
MusicVideo_1080P-6fb1,1166427293,466570917
MusicVideo_1080P-3a50,1552116828,622090913
MusicVideo_1080P-5072,1489907762,596610695
MusicVideo_1080P-4671,1555227267,622090906
MusicVideo_1080P-1a53,1863162162,745763258
MusicVideo_1080P-6260,1555227271,622090908
MusicVideo_1080P-106d,1397379772,559325706
MusicVideo_1080P-7706,1866272605,745763278
MusicVideo_1080P-7265,1555227287,622090914
MusicVideo_1080P-7736,3110453929,1244181571
MusicVideo_1080P-2b2b,1555227287,622090914
MusicVideo_1080P-65c6,1555227271,622090908
MusicVideo_1080P-34ff,1166427293,466570917
MusicVideo_1080P-453f,1552116816,622090908
MusicVideo_1080P-59c4,1493018190,596610665
MusicVideo_1080P-2d1c,1399712611,559325718
MusicVideo_1080P-5f03,1493018209,596610672
MusicVideo_1080P-4b61,1493018190,596610665
MusicVideo_1080P-55af,1493018190,597207276
MusicVideo_1080P-0706,1493018203,596610670
MusicVideo_1080P-6c88,1866272594,745763274
MusicVideo_1080P-18f5,1555227267,622090906
MusicVideo_1080P-0860,1866272617,745763283
MusicVideo_1080P-24f5,1493018221,597207288
MusicVideo_1080P-04b6,1489907735,596610685
MusicVideo_1080P-6c1d,1555227287,622090914
MusicVideo_1080P-7f2e,1493018190,597207276
NewsClip_360P-5752,129626708,51850683
NewsClip_360P-1eae,207391960,82956784
NewsClip_360P-2c91,115226712,46090684
NewsClip_360P-5bcc,129367454,51850682
NewsClip_360P-4288,168986739,67594695
NewsClip_360P-1093,129367454,51850682
NewsClip_360P-311a,124441662,49726937
NewsClip_360P-67ce,165568024,66299174
NewsClip_360P-0376,207391956,82956782
NewsClip_360P-12fc,124441662,49726937
NewsClip_360P-5f3b,129626728,51850691
NewsClip_360P-439a,115226712,46090684
NewsClip_360P-274e,129367454,51850682
NewsClip_360P-4417,115226712,46090684
NewsClip_360P-1b1c,172826724,69130689
NewsClip_360P-1e1c,129367454,51850682
NewsClip_360P-66ae,129367454,51850682
NewsClip_360P-3451,114996258,46090684
NewsClip_360P-5052,207391962,82873910
NewsClip_360P-2986,172826724,69130689
NewsClip_360P-7a96,129626728,51850691
NewsClip_360P-0ff8,207391960,82956784
NewsClip_360P-22ce,129626708,51850683
NewsClip_360P-0c17,124441662,49726937
NewsClip_720P-4e87,829471998,331457341
NewsClip_720P-1971,829472006,331457345
NewsClip_720P-2882,691226776,276490710
NewsClip_720P-0c81,689844306,276490703
NewsClip_720P-2182,829472006,331457345
NewsClip_720P-5d89,821177270,331291123
NewsClip_720P-7345,829472014,331457348
NewsClip_720P-7745,829472006,331457345
NewsClip_720P-6aa6,829472014,331457348
NewsClip_720P-4603,689844295,276490699
NewsClip_720P-7b7e,828089552,331457333
NewsClip_720P-672c,689844322,276490710
NewsClip_720P-7b97,829472014,331457348
NewsClip_720P-579b,828089552,331457333
NewsClip_720P-35d9,689844310,276490705
NewsClip_720P-6cde,662195260,265431076
NewsClip_720P-5787,829471998,331457341
NewsClip_720P-6106,828089527,331788803
NewsClip_720P-7c67,828089560,331457336
NewsClip_720P-5564,689844310,276490705
NewsClip_720P-7e56,828089560,331457336
NewsClip_720P-23e0,691226764,276490705
NewsClip_720P-6016,689844326,276490711
NewsClip_720P-72d2,829471998,331457341
NewsClip_720P-6a19,829472014,331457348
NewsClip_720P-739b,829471994,331457340
NewsClip_720P-04ba,689844310,276490705
NewsClip_720P-37f7,828089560,331457336
NewsClip_480P-5e7f,230426756,92170702
NewsClip_480P-0ce5,311071978,124304486
NewsClip_480P-696e,230426756,92170702
NewsClip_480P-15fa,229965882,92170694
NewsClip_480P-36d0,229965882,92170694
NewsClip_480P-6615,368345045,147436549
NewsClip_480P-28eb,314003762,125811194
NewsClip_480P-4072,216026729,86279348
NewsClip_480P-2ba7,229965886,92170695
NewsClip_480P-49c9,230426736,92170694
NewsClip_480P-0269,310553524,124304482
NewsClip_480P-7a0d,230426729,92170691
NewsClip_480P-3672,230426736,92170694
NewsClip_480P-606e,307570371,123274697
NewsClip_480P-4e77,306851827,122986704
NewsClip_480P-7232,307570371,123274697
NewsClip_480P-543f,307570371,123274697
NewsClip_480P-2b9b,276051120,110494291
NewsClip_480P-437c,311071990,124304491
NewsClip_480P-5a3b,230426736,92170694
NewsClip_480P-72b8,229965882,92170694
NewsClip_480P-2642,215594673,86324366
NewsClip_480P-41b1,307466761,122986704
NewsClip_480P-31bd,368959981,147583992
NewsClip_480P-6bfa,229965882,92170694
NewsClip_480P-2407,276511972,110604788
NewsClip_480P-4a9f,311071978,124304486
NewsClip_1080P-0abf,1863162162,745763258
NewsClip_1080P-27fb,1555227283,622090913
NewsClip_1080P-5b53,3729434139,1491526360
NewsClip_1080P-06df,1552116828,622090913
NewsClip_1080P-02fd,1555227283,622090913
NewsClip_1080P-4241,1555227271,622090908
NewsClip_1080P-7816,1552116816,622090908
NewsClip_1080P-22b3,1166427285,466570914
NewsClip_1080P-2eb0,1866272621,745763285
NewsClip_1080P-3c7c,1552116828,622090913
NewsClip_1080P-632e,1866272605,745763278
NewsClip_1080P-5be1,1555227283,622090913
NewsClip_1080P-00c3,3110453945,1244181578
NewsClip_1080P-67dc,1552116828,622090913
NewsClip_1080P-3427,1555227283,622090913
NewsClip_1080P-48ae,1863162162,745763258
NewsClip_1080P-1db0,1555227283,622090913
Sports_360P-2ace,222506724,89002689
Sports_360P-5252,217178734,86871493
Sports_360P-32d3,168648765,67594695
Sports_360P-6b4f,219266727,87706690
Sports_360P-1d5c,172826744,69130697
Sports_360P-6f62,172826744,69130697
Sports_360P-4ad7,221415017,88743493
Sports_360P-3e68,207391956,82956782
Sports_360P-61f6,216026734,86410693
Sports_360P-4802,220454734,88181893
Sports_360P-11b7,155551935,62158615
Sports_360P-5ded,236422382,94568952
Sports_360P-02c3,172826744,69130697
Sports_360P-301d,259231980,103589202
Sports_360P-0c66,232923137,93231561
Sports_360P-2725,202445974,81113581
Sports_360P-0dda,248858741,99388212
Sports_360P-6c6f,155551929,62220771
Sports_360P-50fd,236146958,94521952
Sports_360P-4545,217178734,86871493
Sports_360P-65f3,116671920,46622145
Sports_360P-1803,259231980,103589202
Sports_360P-7f50,217178734,86871493
Sports_360P-2e48,147482716,58993086
Sports_360P-27b0,203121933,81175771
Sports_360P-3960,155551946,62158619
Sports_720P-675b,689844322,276490710
Sports_720P-17fb,825324632,332363886
Sports_720P-2c06,689844306,276490703
Sports_720P-4b69,828089538,331788807
Sports_720P-6365,1657560941,662914465
Sports_720P-3ffe,829471996,332120586
Sports_720P-4c6f,691226776,276490710
Sports_720P-00a1,1769522839,707809135
Sports_720P-50cf,663577707,265431082
Sports_720P-0104,689844306,276490703
Sports_720P-5e39,829472010,331457346
Sports_720P-62ba,829472008,331788803
Sports_720P-6bb7,689844310,276490705
Sports_720P-058f,3315121259,1325828614
Sports_720P-69a0,829471998,331457341
Sports_720P-3338,663577730,265431092
Sports_720P-5ea4,1382452918,552981167
Sports_720P-2c80,822559719,329521564
Sports_720P-2191,1656178475,662914448
Sports_720P-5833,828089544,331457330
Sports_720P-531c,828089556,331457335
Sports_720P-07d0,829471994,331457340
Sports_720P-38a1,829471992,331788796
Sports_720P-2632,691226780,276490712
Sports_720P-33c6,828089542,331788809
Sports_720P-0b9e,1381070464,552981166
Sports_720P-5ae1,829471985,331788794
Sports_720P-2234,828089560,331457336
Sports_720P-3eb4,691226764,276490705
Sports_720P-6d04,1657560945,662914466
Sports_720P-3072,828089533,331457326
Sports_720P-5bfd,1769522845,707102035
Sports_720P-7ba7,829471981,331788792
Sports_480P-211f,151842462,60777602
Sports_480P-7f7e,372657858,149162828
Sports_480P-0623,311066762,124426704
Sports_480P-3404,307466757,121737156
Sports_480P-3dfd,276511959,110494289
Sports_480P-11ec,311071990,124304491
Sports_480P-2dfe,372657862,149162830
Sports_480P-5871,276511970,110494293
Sports_480P-3195,311066774,124426709
Sports_480P-1396,311066766,124426706
Sports_480P-77e3,310553548,124304491
Sports_480P-5f38,103696258,42158751
Sports_480P-6e41,311066762,124426704
Sports_480P-0efe,731514152,292801354
Sports_480P-6508,310444624,124426703
Sports_480P-3ca4,311066762,124426704
Sports_480P-0af9,276511959,110494289
Sports_480P-1d1b,331139130,132721094
Sports_480P-35ea,311071990,124304491
Sports_480P-0bb9,311066771,124426708
Sports_480P-4cf8,311066762,124426704
Sports_480P-44e5,311066762,124426704
Sports_480P-1fe9,310553532,124304485
Sports_480P-41a5,307466745,122986698
Sports_480P-5224,273286010,109358645
Sports_480P-0827,310444624,124426703
Sports_480P-19e4,368345049,147436551
Sports_480P-1019,331802767,132721106
Sports_480P-3f50,388049101,155530701
Sports_480P-1056,311066762,124426704
Sports_480P-2053,311066774,124426709
Sports_1080P-1d78,1863162146,745763251
Sports_1080P-53a0,1866272599,746509039
Sports_1080P-0063,1555227267,622090906
Sports_1080P-43e2,1863162150,745763253
Sports_1080P-6710,1555227283,622090913
Sports_1080P-2a21,1863162135,745763247
Sports_1080P-3eb0,1552116816,622090908
Sports_1080P-6571,1863162146,745763251
Sports_1080P-7584,1552116828,622090913
Sports_1080P-7203,1869383056,748250884
Sports_1080P-49c5,1866272617,745763283
Sports_1080P-4978,3110453945,1244181578
Sports_1080P-7dba,1166427277,466570910
Sports_1080P-08e1,1555227287,622090914
Sports_1080P-0640,1863162146,745763251
Sports_1080P-3a3b,1164094438,466570917
Sports_1080P-2524,3726323696,1491526340
Sports_1080P-7b51,1863162146,745763251
Sports_1080P-5d25,1863162146,745763251
Sports_1080P-76a2,3729434135,1491526358
Sports_1080P-78fa,1552116812,622090906
Sports_1080P-28a6,1866272617,745763283
Sports_1080P-47e9,1555227283,622090913
Sports_1080P-0d0c,3732544592,1493017836
Sports_1080P-3db7,1166427277,466570910
Sports_1080P-19d8,1866272603,746509041
Sports_1080P-15d1,1863162166,745763259
Sports_1080P-241e,1863162162,745763258
Sports_1080P-1bf7,1863162148,746509065
Sports_1080P-1ae3,1397379756,559325699
Sports_1080P-4e05,1555227267,622090906
Sports_1080P-679d,1866272617,745763283
Sports_1080P-46ed,1555227267,622090906
Sports_2160P-324e,6208385785,2488330975
Sports_2160P-7bbe,7452551219,2983014035
Sports_2160P-2eda,7464992875,2983014135
Sports_2160P-1ddc,7464992879,2983014137
Sports_2160P-2626,7464992869,2985997147
Sports_2160P-279f,7452551223,2983014037
Sports_2160P-3794,14905102152,5966028255
Sports_2160P-2568,7452551223,2983014037
Sports_2160P-4e9f,7464992875,2983014135
Sports_2160P-7af8,14917543808,5966028355
Sports_2160P-7a11,7452551219,2983014035
Sports_2160P-7af7,7464992875,2983014135
Sports_2160P-49f1,7464992859,2983014129
Sports_2160P-391a,7464992875,2983014135
Sports_2160P-6b28,7452551219,2983014035
Sports_2160P-086d,5959552703,2386411411
Sports_2160P-4024,7452551219,2983014035
Sports_2160P-300d,7452551219,2983014035
Sports_2160P-210c,7464992875,2983014135
Sports_2160P-0455,7464992875,2983014135
Sports_2160P-1b70,7452551219,2983014035
Sports_2160P-2e1d,7464992869,2985997147
Sports_2160P-1733,7452551201,2985997242
Sports_2160P-4aae,14917543808,5966028355
Sports_2160P-3a9a,14917543808,5966028355
Sports_2160P-1261,7464992875,2983014135
Sports_2160P-2a83,7464992875,2983014135
Sports_2160P-69b9,7452551221,2985997250
Sports_2160P-4201,14917543812,5967017524
Sports_2160P-7165,7464992875,2983014135
Sports_2160P-5ef3,7452551219,2983014035
Sports_2160P-3d85,7452551219,2983014035
