configurationID,cabac,ref,deblock,analyse,me,subme,mixed_ref,me_range,trellis,8x8dct,fast_pskip,chroma_qp_offset,bframes,b_pyramid,b_adapt,direct,weightb,open_gop,weightp,scenecut,rc_lookahead,mbtree,qpmax,aq-mode,size,usertime,systemtime,elapsedtime,cpu,frames,fps,kbs,etime
1,0,1,0:0:0,0:0,dia,0,0,16,0,0,1,0,0,None,None,None,None,None,0,0,None,0,69,0,4700335,2.13,0.21, 0:00.57,412,1199,2904.51,1881.7,0.57
101,1,2,1:0:0,0x3:0x113,hex,6,1,16,1,1,1,0,8,2,1,spatial,1,0,1,0,60,1,69,1,2178789,8.7,0.31, 0:01.87,481,1199,700.64,872.24,1.87
102,1,2,1:0:0,0x3:0x113,hex,6,1,16,1,1,1,0,8,2,1,auto,1,0,1,0,10,1,69,0,2274757,7.62,0.36, 0:01.60,497,1199,820.7,910.66,1.6
103,1,2,0:0:0,0x3:0x3,umh,6,1,16,1,1,1,0,8,2,1,spatial,1,0,1,0,10,1,69,0,2308944,8.38,0.34, 0:01.60,544,1199,822.11,924.35,1.6
104,1,16,1:0:0,0x3:0x113,hex,6,1,24,1,1,1,-2,3,2,1,auto,1,0,1,40,30,0,69,1,2222874,11.57,0.38, 0:01.84,649,1199,716.31,889.89,1.84
105,1,7,1:0:0,0x3:0x113,dia,6,1,24,1,1,1,-2,3,2,1,spatial,1,0,1,40,30,0,69,1,2312995,8.61,0.33, 0:01.31,682,1199,1052.87,925.97,1.31
106,0,5,1:0:0,0x3:0x113,tesa,0,1,16,1,1,1,-2,3,2,1,auto,1,0,1,40,30,1,69,1,2918438,5.36,0.27, 0:01.11,506,1199,1251.08,1168.35,1.11
107,0,5,1:0:0,0x3:0x3,umh,0,1,16,1,1,0,-2,3,2,1,auto,1,0,1,40,30,1,69,1,2755310,6.27,0.22, 0:01.25,515,1199,1075.36,1103.04,1.25
108,1,2,0:0:0,0x113:0x113,hex,6,1,24,0,1,1,-2,3,2,1,auto,1,0,1,40,30,1,69,1,2102690,6.89,0.31, 0:01.50,480,1199,880.39,841.78,1.5
109,1,2,0:0:0,0x113:0x113,hex,6,1,16,1,0,0,-2,3,2,1,auto,1,0,1,40,30,1,69,1,2109036,6.92,0.32, 0:01.43,507,1199,932.13,844.32,1.43
110,1,2,0:0:0,0x113:0x113,hex,6,1,24,1,0,1,-2,3,2,1,auto,1,0,1,40,30,1,69,0,2405980,7.12,0.32, 0:01.50,495,1199,880.24,963.19,1.5
11,0,1,1:0:0,0:0,dia,2,0,16,0,0,1,0,0,None,None,None,None,None,0,0,None,0,69,0,3050026,2.96,0.25, 0:00.59,542,1199,2641.55,1221.03,0.59
111,1,2,0:0:0,0x113:0x113,hex,10,1,24,1,1,1,0,3,2,1,auto,1,0,2,40,30,0,69,1,2338163,10.55,0.31, 0:01.45,747,1199,931.77,936.05,1.45
112,1,3,1:0:0,0x3:0x113,hex,7,1,16,1,1,1,-2,3,2,1,auto,1,0,2,40,50,1,69,1,2195527,9.2,0.35, 0:01.62,586,1199,827.19,878.94,1.62
113,1,3,1:0:0,0x3:0x113,umh,7,1,16,1,1,1,-2,3,2,1,auto,1,0,2,40,40,1,69,1,2179059,10.17,0.35, 0:01.64,642,1199,804.04,872.35,1.64
114,1,3,1:0:0,0x3:0x113,hex,7,1,16,0,1,1,-2,3,2,1,spatial,1,0,2,40,40,1,69,1,2101264,8.45,0.34, 0:01.55,568,1199,852.58,841.21,1.55
115,1,7,1:0:0,0x3:0x113,hex,7,1,16,1,1,1,-2,3,2,1,auto,1,0,2,40,40,1,69,0,2486338,10.71,0.34, 0:01.64,674,1199,805.65,995.36,1.64
116,1,3,1:0:0,0x3:0x113,hex,10,1,16,1,1,1,0,3,2,1,auto,1,0,1,40,40,1,69,1,2213184,11.77,0.29, 0:01.77,679,1199,733.76,886.01,1.77
117,1,3,1:0:0,0x3:0x3,hex,7,1,16,1,1,1,-2,3,2,1,auto,1,0,2,40,40,1,69,1,2188650,9.18,0.35, 0:01.65,575,1199,806.5,876.19,1.65
118,0,3,1:0:0,0x3:0x3,hex,7,1,16,1,1,1,-2,3,2,1,auto,1,0,2,40,40,1,69,1,2525399,9.41,0.35, 0:01.67,583,1199,801.78,1011.0,1.67
119,1,3,1:0:0,0x3:0x3,hex,7,1,16,1,0,1,0,16,2,1,auto,1,0,2,40,40,1,69,1,2051934,9.79,0.37, 0:01.96,518,1199,671.31,821.46,1.96
120,1,3,1:0:0,0x3:0x3,hex,7,1,16,1,0,1,0,16,2,1,auto,1,0,2,40,30,1,69,1,2036733,9.4,0.4, 0:01.79,545,1199,741.52,815.37,1.79
12,0,1,1:0:0,0:0,dia,2,0,24,0,0,1,0,0,None,None,None,None,None,0,0,None,0,69,0,3050026,2.71,0.23, 0:00.54,541,1199,2983.55,1221.03,0.54
121,1,3,1:0:0,0x3:0x3,hex,7,1,16,1,0,1,0,16,2,1,spatial,1,0,2,40,40,1,69,0,2368203,9.45,0.41, 0:01.90,518,1199,690.94,948.07,1.9
122,1,3,1:0:0,0x3:0x3,hex,7,1,16,1,0,1,0,16,2,1,auto,1,0,1,40,40,1,69,1,2074349,9.55,0.42, 0:01.93,514,1199,680.25,830.43,1.93
123,1,3,1:0:0,0x3:0x113,hex,11,1,16,0,0,1,0,16,2,1,auto,1,0,2,40,40,1,69,1,2132892,11.86,0.38, 0:02.03,601,1199,644.85,853.87,2.03
124,1,3,1:0:0,0x3:0x3,hex,7,1,16,1,0,1,0,16,2,1,auto,1,0,2,0,50,0,69,0,2188140,9.18,0.36, 0:01.58,603,1199,850.71,875.99,1.58
125,1,3,1:0:0,0x3:0x3,hex,7,1,16,1,0,1,0,16,2,1,auto,1,0,2,40,30,0,69,0,2196608,8.99,0.37, 0:01.53,609,1199,880.79,879.38,1.53
126,1,3,0:0:0,0x3:0x3,hex,7,1,16,1,0,0,-2,16,2,1,auto,1,0,2,0,50,0,69,0,2213032,9.2,0.27, 0:01.47,644,1199,906.81,885.95,1.47
127,1,5,1:0:0,0x3:0x113,dia,4,1,16,1,1,1,-2,3,2,1,auto,1,0,2,40,40,1,69,1,2047826,7.07,0.31, 0:01.32,556,1199,1017.63,819.81,1.32
128,1,5,0:0:0,0x3:0x113,dia,4,1,16,1,1,1,-2,3,2,1,spatial,1,0,2,40,40,1,69,1,2090993,7.8,0.38, 0:01.34,610,1199,1023.14,837.09,1.34
129,0,5,0:0:0,0x3:0x3,dia,4,1,24,1,0,1,-2,3,2,1,spatial,1,0,2,40,40,1,69,1,2359457,7.83,0.32, 0:01.38,590,1199,998.52,944.57,1.38
130,1,5,0:0:0,0x3:0x113,dia,4,1,16,0,1,1,-2,3,2,1,spatial,1,0,2,40,20,0,69,1,2200932,6.24,0.36, 0:00.98,671,1199,1464.45,881.11,0.98
13,0,1,1:0:0,0:0,dia,0,0,16,0,0,1,0,0,None,None,None,None,None,0,0,None,0,69,0,4688189,2.03,0.24, 0:00.56,406,1199,3077.15,1876.84,0.56
131,1,5,0:0:0,0x3:0x3,dia,4,0,16,1,1,0,-2,3,2,1,spatial,1,0,2,40,20,0,69,1,2273969,7.73,0.43, 0:01.13,719,1199,1240.78,910.35,1.13
132,1,7,0:0:0,0x3:0x113,dia,4,1,16,1,1,0,-2,3,2,1,spatial,1,0,2,40,20,0,69,1,2264937,7.89,0.39, 0:01.10,749,1199,1290.12,906.73,1.1
133,1,5,0:0:0,0x3:0x113,dia,4,1,16,1,1,0,-2,3,2,1,auto,1,0,2,40,20,0,69,1,2227455,6.89,0.27, 0:01.08,661,1199,1268.32,891.73,1.08
134,1,3,1:0:0,0x3:0x113,hex,7,1,16,1,1,1,-2,3,2,1,auto,1,0,2,40,None,1,69,1,2188650,8.96,0.29, 0:01.55,596,1199,848.81,876.19,1.55
135,1,3,1:0:0,0x3:0x113,hex,11,1,16,1,1,1,-2,0,None,None,None,None,None,0,0,None,0,69,1,2658615,10.63,0.27, 0:02.02,538,1199,634.5,1064.33,2.02
136,1,5,0:0:0,0x3:0x113,hex,7,1,16,1,1,1,0,0,None,None,None,None,None,0,0,None,1,69,0,2630457,8.31,0.33, 0:01.66,519,1199,791.02,1053.06,1.66
137,1,3,1:0:0,0x3:0x113,hex,6,1,16,1,1,1,-2,0,None,None,None,None,None,0,0,None,0,69,1,2612605,6.68,0.26, 0:01.21,570,1199,1112.75,1045.91,1.21
138,0,5,0:0:0,0x113:0x113,tesa,10,0,24,2,1,0,-2,3,2,1,spatial,1,0,2,40,50,1,69,1,2370742,45.33,0.5, 0:06.87,666,1199,179.14,949.09,6.87
139,1,16,0:0:0,0x113:0x113,tesa,10,1,24,2,0,1,-2,3,2,1,spatial,1,0,2,40,50,1,69,0,2286894,86.12,0.49, 0:10.84,798,1199,112.4,915.52,10.84
140,1,16,1:0:0,0x113:0x113,hex,10,1,24,2,1,1,-2,8,2,1,spatial,1,0,2,40,30,1,69,0,2344118,29.49,0.4, 0:04.30,694,1199,289.82,938.43,4.3
14,0,1,0:0:0,0:0,dia,0,1,16,0,0,1,0,0,None,None,None,None,None,0,0,None,0,69,0,4700335,2.07,0.2, 0:00.53,423,1199,3016.82,1881.7,0.53
141,1,16,0:0:0,0x113:0x113,hex,10,1,24,1,1,0,-2,3,2,1,spatial,1,0,2,None,50,1,69,0,2533543,20.12,0.41, 0:02.60,787,1199,492.29,1014.26,2.6
142,1,16,0:0:0,0x113:0x113,hex,11,0,24,2,0,1,-2,0,None,None,None,None,None,0,0,None,0,69,1,2457461,40.53,0.47, 0:09.01,454,1199,135.64,983.8,9.01
143,1,16,0:0:0,0x113:0x113,hex,10,1,24,2,1,1,-2,0,None,None,None,None,None,0,0,None,1,69,0,2542383,30.8,0.55, 0:07.06,444,1199,173.42,1017.8,7.06
144,0,8,0:0:0,0x113:0x113,umh,10,1,24,2,0,1,-2,0,None,None,None,None,None,0,0,None,0,69,1,2782766,45.9,0.51, 0:10.93,424,1199,111.42,1114.03,10.93
145,0,5,1:0:0,0x3:0x113,hex,8,1,16,2,1,1,0,3,2,1,spatial,1,0,2,40,50,1,69,1,2529997,19.14,0.4, 0:03.42,571,1199,369.25,1012.84,3.42
146,1,5,1:0:0,0x113:0x113,hex,8,1,16,2,1,1,0,3,2,1,spatial,1,0,2,40,50,1,69,1,2187087,15.06,0.38, 0:02.54,606,1199,506.99,875.56,2.54
147,0,1,0:0:0,0x3:0x113,hex,8,1,16,1,1,1,0,3,2,1,spatial,1,0,2,40,50,1,69,0,2927676,9.51,0.36, 0:01.74,567,1199,754.68,1172.05,1.74
148,0,3,0:0:0,0:0,hex,8,1,16,2,1,1,0,3,2,1,spatial,1,0,2,40,20,0,69,0,2739455,19.89,0.44, 0:03.42,593,1199,368.18,1096.7,3.42
149,0,3,1:0:0,0x3:0x113,hex,8,1,16,2,1,0,0,3,2,1,spatial,1,0,2,40,40,0,69,0,2768216,20.1,0.39, 0:03.43,597,1199,368.86,1108.21,3.43
150,1,3,1:0:0,0x3:0x113,hex,8,1,16,1,1,0,0,3,2,1,spatial,1,0,2,40,60,0,69,1,2324385,10.52,0.29, 0:01.55,694,1199,849.28,930.53,1.55
15,0,1,0:0:0,0:0,dia,0,0,16,0,0,1,0,0,None,None,auto,None,None,0,0,None,0,69,0,4700335,2.04,0.25, 0:00.55,415,1199,3100.27,1881.7,0.55
151,0,3,1:0:0,0x3:0x113,umh,8,1,16,2,1,0,0,3,2,1,spatial,1,0,2,40,60,0,69,1,2681223,22.2,0.41, 0:03.63,622,1199,346.09,1073.38,3.63
152,1,3,1:0:0,0x3:0x113,hex,8,1,16,2,1,0,0,3,2,1,spatial,1,0,2,40,60,0,69,1,2311654,15.25,0.36, 0:02.39,652,1199,540.28,925.43,2.39
153,1,3,1:0:0,0x3:0x113,hex,8,1,16,2,1,0,0,3,2,1,auto,1,0,2,40,60,0,69,1,2311518,14.84,0.31, 0:02.25,670,1199,568.36,925.38,2.25
154,1,3,0:0:0,0x3:0x113,hex,8,1,16,2,1,0,0,3,2,1,spatial,1,0,2,40,10,0,69,1,2308410,14.9,0.38, 0:02.34,651,1199,549.92,924.13,2.34
155,1,3,1:0:0,0x3:0x113,hex,8,1,16,0,1,0,0,3,2,1,spatial,1,0,2,40,60,0,69,1,2243907,10.06,0.37, 0:01.52,682,1199,880.65,898.31,1.52
156,1,3,1:0:0,0x3:0x113,hex,8,1,16,2,1,0,0,3,2,1,spatial,1,0,2,40,10,0,69,0,2369477,14.92,0.42, 0:02.34,654,1199,552.12,948.58,2.34
157,1,8,1:0:0,0x3:0x113,umh,10,1,16,2,1,1,-2,3,2,2,spatial,None,0,2,40,60,1,69,1,2106543,28.3,0.38, 0:04.32,663,1199,287.2,843.32,4.32
158,1,8,1:0:0,0x3:0x3,umh,9,1,16,2,1,1,-2,3,2,2,spatial,1,0,2,40,60,1,69,1,2223353,21.69,0.44, 0:03.24,682,1199,389.81,890.08,3.24
159,1,16,1:0:0,0x3:0x3,umh,9,0,16,2,1,1,-2,3,2,2,spatial,1,0,2,40,60,1,69,1,2212284,31.1,0.48, 0:04.15,760,1199,301.53,885.65,4.15
160,1,16,1:0:0,0x113:0x113,umh,6,1,16,2,1,1,-2,3,2,2,spatial,1,0,2,40,30,1,69,1,2126101,19.97,0.49, 0:02.92,700,1199,436.51,851.15,2.92
16,0,1,0:0:0,0:0,dia,0,0,16,0,0,1,0,0,None,None,spatial,None,None,0,0,None,0,69,0,4700335,2.16,0.27, 0:00.57,426,1199,2997.84,1881.7,0.57
161,1,3,1:0:0,0x113:0x113,umh,6,1,16,0,1,0,-2,3,2,2,auto,1,0,2,40,60,1,69,1,2091974,11.07,0.41, 0:02.69,427,1199,476.9,837.49,2.69
162,1,16,1:0:0,0x113:0x113,umh,6,1,16,2,1,1,-2,3,2,2,spatial,1,0,2,40,None,0,69,1,2335471,20.79,0.38, 0:02.82,750,1199,453.78,934.97,2.82
163,1,16,1:0:0,0x113:0x113,umh,6,1,16,2,1,1,-2,0,None,None,None,None,None,0,0,60,0,69,0,2603669,24.79,0.52, 0:05.47,462,1199,225.91,1042.34,5.47
164,0,5,1:0:0,0x113:0x113,umh,6,1,16,2,0,1,-2,0,None,None,None,None,None,0,0,20,1,69,0,2956170,13.4,0.42, 0:02.83,487,1199,449.44,1183.45,2.83
165,0,16,1:0:0,0x113:0x113,hex,6,1,24,0,1,1,0,3,2,2,auto,1,0,2,40,10,0,69,0,2569364,12.68,0.36, 0:02.21,588,1199,580.13,1028.6,2.21
166,0,16,0:0:0,0x113:0x113,hex,6,1,24,1,1,1,0,0,None,None,None,None,None,0,0,50,0,69,0,3050469,16.37,0.41, 0:03.10,541,1199,410.06,1221.21,3.1
167,1,8,1:0:0,0x113:0x113,dia,7,1,24,1,1,1,0,0,None,None,None,None,None,0,0,50,0,69,0,2576871,9.32,0.37, 0:01.74,557,1199,760.21,1031.61,1.74
168,1,8,1:0:0,0x3:0x113,umh,9,0,16,0,1,1,-2,3,2,1,spatial,1,0,2,40,30,1,69,1,2110595,16.85,0.39, 0:02.22,775,1199,584.03,844.94,2.22
169,1,8,0:0:0,0x3:0x113,umh,9,0,16,0,1,1,-2,3,2,2,spatial,1,0,2,40,30,1,69,1,2132154,17.58,0.4, 0:02.57,697,1199,498.57,853.57,2.57
170,1,8,1:0:0,0x3:0x113,umh,9,1,16,2,1,1,0,3,2,2,spatial,1,0,2,40,60,1,69,1,2204210,23.36,0.41, 0:03.47,684,1199,360.82,882.42,3.47
17,0,1,0:0:0,0:0,hex,0,0,16,0,0,1,0,0,None,None,None,None,None,0,0,None,0,69,0,4690071,2.01,0.23, 0:00.53,417,1199,3200.23,1877.59,0.53
171,1,8,1:0:0,0x3:0x113,umh,9,1,16,2,1,1,-2,3,2,2,spatial,1,0,2,40,50,1,69,1,2215986,22.52,0.43, 0:03.36,681,1199,375.42,887.13,3.36
172,1,8,1:0:0,0x3:0x113,umh,9,1,16,2,1,1,-2,3,2,2,spatial,1,0,2,40,50,1,69,0,2534982,22.97,0.41, 0:03.39,689,1199,372.7,1014.84,3.39
173,1,2,1:0:0,0x3:0x113,umh,1,1,16,2,1,1,-2,3,2,2,spatial,1,0,2,40,50,1,69,1,2204438,5.89,0.5, 0:01.31,486,1199,1049.95,882.51,1.31
174,1,3,1:0:0,0x3:0x113,umh,6,1,16,2,1,1,-2,3,2,2,spatial,1,0,2,40,50,0,69,1,2376332,11.53,0.38, 0:02.22,535,1199,584.4,951.33,2.22
175,1,2,1:0:0,0x113:0x113,umh,1,1,16,2,1,1,-2,3,2,2,spatial,1,0,2,40,50,1,69,1,2204438,5.76,0.48, 0:01.21,514,1199,1120.91,882.51,1.21
176,1,2,1:0:0,0x3:0x113,umh,9,0,24,2,1,1,-2,16,2,2,spatial,1,0,2,40,50,1,69,1,2221473,36.45,1.63, 0:10.17,374,1199,119.94,889.33,10.17
177,1,2,1:0:0,0x3:0x113,umh,1,0,24,2,1,0,-2,16,2,2,auto,1,0,2,40,20,1,69,1,2234788,17.55,1.39, 0:06.74,281,1199,182.6,894.66,6.74
178,1,8,1:0:0,0x3:0x113,umh,10,0,24,2,1,0,-2,16,2,2,auto,1,0,2,40,20,1,69,1,2092900,49.84,1.46, 0:10.64,482,1199,114.38,837.86,10.64
179,1,8,1:0:0,0x3:0x113,umh,9,1,16,2,1,1,-2,3,2,2,spatial,1,0,2,0,60,1,69,0,2530031,23.37,0.41, 0:03.44,690,1199,367.2,1012.86,3.44
180,1,8,1:0:0,0x3:0x113,hex,9,1,16,2,1,1,-2,3,2,2,spatial,1,0,2,40,60,1,69,1,2235689,20.07,0.47, 0:03.15,651,1199,402.19,895.02,3.15
18,0,1,0:0:0,0:0,dia,0,0,16,0,0,1,0,3,2,1,None,1,0,0,0,None,0,69,0,3475573,2.45,0.31, 0:00.69,401,1199,2319.82,1391.39,0.69
181,1,8,0:0:0,0x3:0x113,umh,9,1,16,2,1,1,-2,3,2,2,spatial,1,0,2,40,10,1,69,1,2114848,23.23,0.34, 0:03.23,728,1199,387.22,846.64,3.23
182,1,8,0:0:0,0x3:0x113,umh,9,1,16,2,1,1,-2,3,2,2,spatial,1,0,2,40,40,1,69,1,2213692,22.93,0.38, 0:03.31,704,1199,382.11,886.22,3.31
183,1,16,1:0:0,0x3:0x113,umh,10,1,24,2,1,1,0,8,2,2,spatial,1,0,2,40,60,1,69,1,2060584,43.55,0.49, 0:06.77,650,1199,181.76,824.92,6.77
184,1,16,1:0:0,0x3:0x113,umh,10,1,24,2,1,1,-2,8,2,2,spatial,1,0,0,40,60,1,69,0,2391408,44.26,0.57, 0:06.54,684,1199,188.15,957.36,6.54
185,1,16,0:0:0,0x3:0x113,umh,10,1,24,2,1,1,-2,8,2,2,spatial,1,0,2,40,60,1,69,1,2081237,44.04,0.57, 0:06.80,656,1199,180.83,833.19,6.8
186,1,8,1:0:0,0x3:0x113,umh,10,1,24,2,1,1,-2,8,2,2,spatial,1,0,2,40,50,1,69,1,2079668,35.78,0.54, 0:06.42,565,1199,191.2,832.56,6.42
187,0,16,1:0:0,0x3:0x113,umh,10,1,24,2,1,1,-2,8,2,2,spatial,1,0,2,40,60,1,69,1,2345841,52.67,0.59, 0:07.86,677,1199,156.02,939.12,7.86
188,1,16,1:0:0,0x3:0x113,umh,10,1,24,2,1,1,-2,8,2,2,auto,1,0,2,40,60,1,69,1,2077839,43.87,0.38, 0:06.66,663,1199,184.43,831.83,6.66
189,1,16,0:0:0,0x3:0x113,hex,11,1,24,2,1,1,-2,8,2,2,spatial,1,0,2,40,60,1,69,1,2107785,43.49,0.47, 0:06.60,665,1199,185.68,843.82,6.6
190,0,16,0:0:0,0x3:0x113,hex,11,1,24,2,1,1,-2,8,2,2,spatial,1,0,2,40,60,1,69,0,2680856,57.67,0.52, 0:08.33,697,1199,146.49,1073.24,8.33
19,1,1,0:0:0,0:0,dia,0,0,16,0,0,1,0,0,None,None,None,None,None,0,0,None,0,69,0,4184919,2.51,0.21, 0:00.59,461,1199,2652.02,1675.36,0.59
191,1,16,1:0:0,0x3:0x133,tesa,11,0,24,2,1,0,-2,16,2,2,spatial,1,0,2,40,60,1,69,1,2076507,127.62,1.93, 0:14.89,869,1199,81.51,831.3,14.89
192,1,16,1:0:0,0x3:0x133,tesa,11,1,24,2,1,0,-2,16,2,2,auto,1,0,2,40,60,1,69,1,2076669,128.1,1.5, 0:14.54,891,1199,83.45,831.36,14.54
193,1,16,1:0:0,0x3:0x133,tesa,11,1,24,2,1,0,-2,16,2,2,spatial,1,0,2,40,30,1,69,1,2076507,126.87,1.7, 0:14.50,886,1199,83.59,831.3,14.5
194,0,16,1:0:0,0x3:0x133,tesa,11,1,24,2,1,0,-2,16,2,2,spatial,1,0,2,40,60,1,69,1,2355489,132.49,1.61, 0:15.10,888,1199,80.26,942.98,15.1
195,1,16,1:0:0,0x3:0x133,tesa,11,1,24,2,1,0,-2,16,2,2,spatial,1,0,2,40,60,0,69,1,2076500,131.42,1.54, 0:15.20,874,1199,79.71,831.29,15.2
196,1,16,0:0:0,0x3:0x133,tesa,11,1,24,2,1,0,-2,16,2,2,spatial,1,0,2,40,60,1,69,1,2082888,125.54,1.7, 0:14.23,894,1199,85.2,833.85,14.23
197,1,16,1:0:0,0x3:0x133,tesa,7,1,24,2,1,0,-2,16,2,2,spatial,1,0,2,40,60,1,69,1,2131152,106.2,1.61, 0:13.28,811,1199,91.34,853.17,13.28
198,1,16,1:0:0,0x3:0x133,hex,11,1,24,2,1,0,-2,16,2,2,spatial,1,0,2,40,60,1,69,1,2116015,59.84,1.6, 0:10.68,575,1199,113.85,847.11,10.68
199,1,16,1:0:0,0x3:0x3,tesa,11,1,24,2,1,0,-2,16,2,2,spatial,1,0,2,40,60,1,69,1,2076507,124.13,1.73, 0:14.10,892,1199,86.0,831.3,14.1
200,1,16,1:0:0,0:0,tesa,11,1,24,2,1,0,-2,16,2,2,spatial,1,0,2,40,60,1,69,1,2076507,122.64,1.62, 0:14.06,883,1199,86.39,831.3,14.06
20,0,1,0:0:0,0:0,dia,0,0,16,0,0,1,0,0,None,None,None,None,None,0,0,10,0,69,0,4700335,2.1,0.19, 0:00.56,407,1199,2948.21,1881.7,0.56
2,1,1,1:0:0,0x3:0x3,dia,1,0,16,0,1,1,0,3,2,1,auto,1,0,1,40,None,0,69,1,2764593,3.33,0.25, 0:00.78,456,1199,1960.13,1106.76,0.78
201,1,16,1:0:0,0:0,tesa,11,1,16,2,1,0,-2,16,2,2,spatial,1,0,2,40,60,1,69,0,2378748,105.15,1.77, 0:13.34,801,1199,91.14,952.29,13.34
21,0,1,0:0:0,0:0,dia,0,0,16,0,0,1,0,0,None,None,None,None,None,0,0,None,1,69,0,3770107,2.36,0.34, 0:00.71,380,1199,2199.28,1509.3,0.71
22,0,1,0:0:0,0:0,dia,0,0,16,0,0,1,0,0,None,None,None,None,None,0,0,None,0,69,1,4470943,2.23,0.23, 0:00.61,400,1199,2709.57,1789.87,0.61
23,0,1,0:0:0,0:0,dia,1,0,16,0,0,1,0,0,None,None,None,None,None,0,0,None,0,69,0,3939383,2.55,0.23, 0:00.57,489,1199,2811.79,1577.07,0.57
24,0,1,0:0:0,0x3:0x133,dia,0,0,16,0,0,1,0,0,None,None,None,None,None,0,0,None,0,69,0,4700335,2.0,0.2, 0:00.52,418,1199,3091.64,1881.7,0.52
25,0,1,0:0:0,0x3:0x3,dia,0,0,16,0,0,1,0,0,None,None,None,None,None,0,0,None,0,69,0,4700335,1.95,0.32, 0:00.54,417,1199,3154.98,1881.7,0.54
26,0,1,0:0:0,0:0,dia,11,0,16,0,0,1,0,0,None,None,None,None,None,0,0,None,0,69,0,3098119,6.96,0.33, 0:01.36,533,1199,1004.19,1240.28,1.36
27,0,1,0:0:0,0:0,dia,11,0,16,0,0,1,0,16,2,1,None,1,None,0,0,None,0,69,0,2645624,8.87,0.36, 0:01.46,632,1199,923.56,1059.13,1.46
28,0,1,0:0:0,0:0,dia,0,0,16,2,0,1,0,0,None,None,None,None,None,0,0,None,0,69,0,4675285,5.61,0.4, 0:01.30,462,1199,1056.71,1871.67,1.3
29,0,1,0:0:0,0:0,dia,0,0,16,0,0,1,0,0,None,None,None,None,None,2,0,None,0,69,0,4699110,2.25,0.26, 0:00.63,394,1199,2606.78,1881.21,0.63
30,1,1,0:0:0,0:0,dia,0,1,16,0,0,1,0,0,None,None,None,None,None,0,0,None,0,69,0,4184919,2.5,0.21, 0:00.59,456,1199,2778.0,1675.36,0.59
3,1,1,1:0:0,0x3:0x113,hex,2,0,16,0,1,1,0,3,2,1,auto,1,0,1,40,10,1,69,1,1984745,4.82,0.41, 0:01.12,463,1199,1254.26,794.56,1.12
31,0,1,0:0:0,0:0,dia,0,1,16,0,0,1,-2,0,None,None,None,None,None,0,0,None,0,69,0,4726862,2.22,0.23, 0:00.58,423,1199,2888.87,1892.32,0.58
32,0,1,0:0:0,0:0,dia,0,0,16,0,0,0,0,0,None,None,None,None,None,0,0,None,0,69,0,4727321,2.16,0.22, 0:00.59,405,1199,2878.93,1892.51,0.59
33,0,1,1:0:0,0x3:0x3,dia,1,0,16,0,1,1,0,3,2,1,auto,1,0,1,40,None,0,69,1,3067562,3.09,0.34, 0:00.77,446,1199,1985.7,1228.05,0.77
34,1,1,1:0:0,0x3:0x3,dia,1,0,24,0,1,1,0,3,2,1,auto,1,0,1,40,None,0,69,1,2764593,3.14,0.29, 0:00.72,473,1199,2160.0,1106.76,0.72
35,1,1,1:0:0,0x3:0x3,dia,1,0,16,0,1,0,0,3,2,1,auto,1,0,1,40,None,0,69,1,2776288,3.75,0.3, 0:00.82,491,1199,1759.64,1111.44,0.82
36,1,1,1:0:0,0x3:0x3,dia,1,0,16,0,1,1,0,3,2,1,spatial,1,0,1,40,None,0,69,1,2764575,3.22,0.26, 0:00.72,480,1199,2105.35,1106.75,0.72
37,1,1,1:0:0,0x3:0x3,dia,2,0,16,0,1,1,0,3,2,1,auto,1,0,1,40,None,0,69,1,2256737,4.48,0.42, 0:00.97,504,1199,1485.46,903.45,0.97
38,1,1,1:0:0,0x3:0x3,dia,2,0,16,0,1,1,0,3,2,1,auto,1,0,2,40,None,0,69,1,2256737,4.36,0.37, 0:00.97,484,1199,1478.68,903.45,0.97
39,1,1,1:0:0,0x3:0x133,dia,2,0,16,0,1,1,0,3,2,1,auto,1,0,1,40,None,0,69,1,2256737,4.48,0.41, 0:00.98,497,1199,1475.69,903.45,0.98
40,1,1,1:0:0,0x3:0x3,dia,1,0,16,0,1,1,0,3,2,1,auto,1,0,1,40,10,0,69,1,2764593,3.53,0.26, 0:00.78,483,1199,1855.22,1106.76,0.78
4,1,2,1:0:0,0x3:0x113,hex,4,0,16,0,1,1,0,3,2,1,auto,1,0,1,40,20,1,69,1,2037991,5.85,0.31, 0:01.17,527,1199,1197.17,815.88,1.17
41,1,1,1:0:0,0x3:0x3,dia,1,0,16,0,1,1,0,3,2,1,auto,1,0,1,40,None,0,69,0,2821529,3.05,0.24, 0:00.72,457,1199,2185.28,1129.55,0.72
42,1,5,1:0:0,0x3:0x3,dia,1,0,16,0,1,1,0,3,2,1,auto,1,0,1,40,None,0,69,1,2726154,3.98,0.24, 0:00.80,529,1199,1820.47,1091.37,0.8
43,1,1,1:0:0,0x3:0x3,dia,1,0,16,0,1,1,0,3,2,1,auto,1,0,1,40,None,1,69,1,2210798,3.85,0.34, 0:01.00,417,1199,1418.43,885.06,1.0
44,0,1,1:0:0,0x3:0x3,dia,1,0,16,0,1,1,0,3,2,1,auto,1,0,1,40,None,1,69,1,2463155,3.33,0.34, 0:00.91,403,1199,1629.36,986.08,0.91
45,0,1,1:0:0,0x3:0x3,hex,1,0,16,0,1,1,0,3,2,1,auto,1,0,1,40,None,1,69,1,2451437,3.47,0.33, 0:00.98,387,1199,1458.44,981.39,0.98
46,0,1,1:0:0,0x3:0x3,hex,1,0,16,1,1,1,0,3,2,1,auto,1,0,1,40,None,1,69,1,2539888,4.65,0.3, 0:01.04,474,1199,1365.3,1016.8,1.04
47,0,1,1:0:0,0x3:0x3,umh,1,0,16,0,1,1,0,3,2,1,auto,1,0,1,40,None,1,69,1,2428863,3.9,0.31, 0:01.00,420,1199,1449.18,972.36,1.0
48,0,1,1:0:0,0x3:0x3,tesa,1,0,16,0,1,1,0,3,2,1,auto,1,0,1,40,None,1,69,1,2429994,4.59,0.32, 0:01.03,476,1199,1409.97,972.81,1.03
49,0,1,0:0:0,0x3:0x3,dia,1,0,16,0,1,1,0,16,2,1,auto,1,0,1,40,None,1,69,1,2436076,3.83,0.3, 0:01.05,392,1199,1365.46,975.24,1.05
50,1,1,1:0:0,0x3:0x3,dia,1,1,16,0,1,1,0,3,2,1,auto,1,0,1,40,None,0,69,0,2821529,3.25,0.28, 0:00.76,465,1199,2009.05,1129.55,0.76
5,1,2,1:0:0,0x3:0x113,hex,6,1,16,1,1,1,-2,3,2,1,auto,1,0,1,40,30,1,69,1,2150247,7.13,0.41, 0:01.53,491,1199,879.54,860.82,1.53
51,1,1,1:0:0,0x3:0x3,dia,1,1,16,0,1,0,0,3,2,1,auto,1,0,1,40,None,0,69,0,2835677,3.21,0.23, 0:00.69,493,1199,2135.63,1135.22,0.69
52,0,1,0:0:0,0x3:0x3,dia,1,1,16,0,1,0,0,3,2,1,auto,1,0,1,0,None,0,69,0,3159059,3.09,0.31, 0:00.76,448,1199,2022.92,1264.68,0.76
53,0,1,1:0:0,0x3:0x3,dia,1,1,16,0,1,0,0,3,2,1,auto,1,0,1,40,None,0,69,0,3144926,3.25,0.28, 0:00.79,444,1199,1931.17,1259.02,0.79
54,1,1,1:0:0,0x3:0x3,tesa,1,1,16,0,1,0,0,3,2,1,auto,1,0,1,40,None,0,69,0,2802815,4.72,0.28, 0:00.84,589,1199,1779.11,1122.06,0.84
55,1,1,1:0:0,0x3:0x3,dia,1,1,16,0,1,0,0,3,2,2,spatial,1,0,2,40,None,0,69,0,3031190,4.42,0.43, 0:00.97,497,1199,1480.29,1213.49,0.97
56,1,16,1:0:0,0x3:0x133,dia,1,1,16,0,1,0,0,3,2,2,spatial,1,0,2,40,None,0,69,0,2929432,7.49,0.43, 0:01.31,603,1199,1056.89,1172.75,1.31
57,1,16,1:0:0,0x3:0x133,dia,1,1,16,0,1,0,0,3,2,2,spatial,1,0,2,40,60,0,69,0,2929432,7.49,0.53, 0:01.28,625,1199,1051.22,1172.75,1.28
58,0,1,1:0:0,0x3:0x113,hex,2,0,16,0,1,1,0,3,2,1,auto,1,0,1,40,10,1,69,1,2229613,4.68,0.31, 0:01.07,465,1199,1309.06,892.59,1.07
59,0,1,1:0:0,0x3:0x113,hex,2,0,16,0,1,1,0,3,2,1,spatial,1,0,1,40,10,1,69,1,2229604,4.73,0.36, 0:01.13,450,1199,1247.41,892.59,1.13
60,0,1,1:0:0,0x3:0x113,hex,2,0,16,0,1,1,0,3,2,1,auto,1,0,1,40,10,0,69,1,2517100,3.91,0.43, 0:00.92,468,1199,1594.7,1007.68,0.92
6,1,3,1:0:0,0x3:0x113,hex,7,1,16,1,1,1,-2,3,2,1,auto,1,0,2,40,40,1,69,1,2188650,9.17,0.3, 0:01.58,597,1199,830.53,876.19,1.58
61,0,1,1:0:0,0x3:0x3,hex,2,0,16,0,1,1,0,3,2,1,auto,1,0,1,40,10,1,69,1,2229613,4.4,0.38, 0:01.02,466,1199,1359.74,892.59,1.02
62,0,1,1:0:0,0:0,hex,2,0,16,0,1,1,0,3,2,1,auto,1,0,1,40,10,1,69,1,2229613,4.54,0.41, 0:01.06,464,1199,1298.15,892.59,1.06
63,1,1,1:0:0,0x3:0x113,hex,2,1,16,0,1,1,0,3,2,1,auto,1,0,1,40,10,1,69,1,1984745,4.99,0.32, 0:01.05,503,1199,1309.62,794.56,1.05
64,1,1,1:0:0,0x3:0x113,hex,2,0,16,0,0,1,0,3,2,1,auto,1,0,1,40,10,0,69,1,2257981,4.45,0.31, 0:00.95,498,1199,1469.4,903.95,0.95
65,1,1,1:0:0,0x3:0x113,hex,2,0,16,0,0,1,0,3,2,1,spatial,1,0,1,40,40,0,69,1,2257970,4.64,0.33, 0:01.00,498,1199,1396.58,903.94,1.0
66,1,1,1:0:0,0x3:0x113,hex,1,0,16,0,0,1,0,3,2,1,spatial,1,0,1,40,40,0,69,1,2762571,3.37,0.28, 0:00.76,476,1199,1904.4,1105.95,0.76
67,1,1,1:0:0,0x3:0x113,hex,2,0,16,0,0,1,0,3,2,1,auto,1,0,1,40,40,0,69,1,2257981,4.45,0.35, 0:00.96,497,1199,1493.54,903.95,0.96
68,1,1,1:0:0,0x3:0x113,hex,2,0,16,0,1,1,0,3,2,1,auto,1,0,1,40,20,1,69,0,2404757,4.98,0.4, 0:01.21,443,1199,1148.41,962.71,1.21
69,1,1,0:0:0,0x113:0x113,tesa,2,0,16,0,1,1,0,3,2,1,auto,1,0,1,40,10,1,69,1,1958843,6.83,0.39, 0:01.30,554,1199,1065.13,784.19,1.3
70,1,1,0:0:0,0x113:0x113,tesa,2,0,16,2,1,1,0,3,2,1,auto,1,0,1,40,10,1,69,1,1972639,7.0,0.37, 0:01.32,558,1199,1050.13,789.71,1.32
7,1,5,1:0:0,0x3:0x113,hex,8,1,16,2,1,1,-2,3,2,1,spatial,1,0,2,40,50,1,69,1,2209759,14.96,0.39, 0:02.46,623,1199,517.13,884.64,2.46
71,1,5,1:0:0,0x3:0x113,dia,2,0,16,0,1,1,0,3,2,1,auto,1,0,1,40,10,1,69,1,1938638,5.44,0.3, 0:01.06,539,1199,1303.97,776.1,1.06
72,1,5,1:0:0,0x3:0x113,dia,2,0,16,0,1,1,0,8,2,1,auto,1,0,1,40,10,1,69,1,1905630,6.17,0.37, 0:01.26,516,1199,1090.38,762.89,1.26
73,1,5,1:0:0,0x3:0x113,dia,8,0,16,0,1,1,0,8,2,1,auto,1,0,1,40,10,1,69,1,1983800,10.44,0.3, 0:01.65,651,1199,805.87,794.18,1.65
74,1,5,1:0:0,0x3:0x113,dia,8,1,16,0,1,1,0,8,2,1,auto,1,0,2,40,10,0,69,1,2201913,10.88,0.32, 0:01.61,695,1199,829.09,881.5,1.61
75,1,2,1:0:0,0x3:0x113,hex,4,0,16,0,1,1,0,3,2,1,auto,1,0,1,0,20,1,69,1,2036348,5.5,0.38, 0:01.17,499,1199,1190.3,815.22,1.17
76,1,2,1:0:0,0x113:0x113,hex,4,0,16,0,1,1,0,3,2,1,auto,1,0,1,0,20,1,69,1,2036348,5.58,0.38, 0:01.16,511,1199,1171.29,815.22,1.16
77,0,2,1:0:0,0x3:0x113,hex,4,0,16,0,1,1,-2,3,2,1,auto,1,0,1,0,20,1,69,1,2317433,5.41,0.33, 0:01.13,506,1199,1215.7,927.75,1.13
78,1,2,1:0:0,0x3:0x113,hex,4,0,16,0,1,1,0,3,2,1,spatial,1,0,1,40,20,1,69,0,2382102,6.4,0.37, 0:01.20,560,1199,1147.76,953.64,1.2
79,1,2,1:0:0,0x3:0x113,hex,4,0,16,0,1,1,0,0,None,None,None,None,None,0,0,None,0,69,1,2598712,4.31,0.34, 0:00.81,572,1199,1880.18,1040.35,0.81
80,1,2,1:0:0,0x3:0x113,hex,4,0,16,0,1,1,0,8,1,1,auto,1,0,1,40,20,1,69,1,2009927,6.27,0.35, 0:01.29,510,1199,1037.58,804.64,1.29
8,1,8,1:0:0,0x3:0x113,umh,9,1,16,2,1,1,-2,3,2,2,spatial,1,0,2,40,60,1,69,1,2223353,23.3,0.31, 0:03.41,692,1199,367.49,890.08,3.41
81,0,2,1:0:0,0x3:0x113,hex,4,0,16,0,1,1,0,8,1,1,auto,1,0,1,40,10,1,69,1,2186477,5.85,0.35, 0:01.16,531,1199,1167.62,875.32,1.16
82,0,1,1:0:0,0x3:0x113,hex,4,0,16,1,1,1,0,8,1,1,spatial,1,0,1,40,10,1,69,1,2309812,6.83,0.4, 0:01.25,578,1199,1105.51,924.7,1.25
83,0,2,1:0:0,0x3:0x113,hex,4,0,24,0,1,1,0,8,1,1,auto,1,0,1,40,10,1,69,1,2186477,5.85,0.46, 0:01.23,510,1199,1129.41,875.32,1.23
84,0,2,1:0:0,0x3:0x113,hex,4,0,24,1,1,1,0,8,1,1,auto,1,0,2,40,10,1,69,1,2218538,6.74,0.36, 0:01.21,583,1199,1117.25,888.16,1.21
85,0,2,1:0:0,0:0,hex,4,0,24,0,1,1,0,8,1,1,auto,1,0,1,40,10,1,69,1,2186477,5.87,0.44, 0:01.26,501,1199,1095.82,875.32,1.26
86,0,2,0:0:0,0:0,hex,4,0,24,0,1,1,0,8,1,1,auto,1,0,1,40,10,1,69,1,2187165,6.11,0.36, 0:01.28,502,1199,1079.47,875.6,1.28
87,0,2,1:0:0,0:0,hex,4,1,24,0,1,1,-2,8,1,1,spatial,None,0,1,40,10,1,69,1,2235593,6.34,0.4, 0:01.23,547,1199,1095.99,894.98,1.23
88,1,2,1:0:0,0x3:0x113,hex,4,0,16,0,1,1,0,0,None,None,None,None,None,0,0,None,0,69,0,2641247,3.98,0.34, 0:00.71,603,1199,2162.58,1057.38,0.71
89,1,2,1:0:0,0x3:0x113,umh,7,1,16,0,1,1,0,0,None,None,None,None,None,0,0,None,0,69,1,2600543,6.08,0.31, 0:01.11,573,1199,1250.72,1041.08,1.11
90,0,2,1:0:0,0x3:0x113,hex,4,0,16,0,1,0,-2,0,None,None,None,None,None,0,0,None,0,69,1,3038085,4.72,0.3, 0:00.77,647,1199,1999.06,1216.25,0.77
9,1,16,1:0:0,0x3:0x113,umh,10,1,24,2,1,1,-2,8,2,2,spatial,1,0,2,40,60,1,69,1,2077768,43.58,0.33, 0:06.41,685,1199,191.54,831.8,6.41
91,1,8,1:0:0,0x3:0x113,hex,4,0,16,0,1,1,0,0,None,None,None,None,None,0,0,None,0,69,1,2552011,7.34,0.27, 0:01.21,626,1199,1112.26,1021.66,1.21
92,0,8,0:0:0,0x3:0x113,hex,4,0,16,0,1,1,0,0,None,None,None,None,None,0,0,None,0,69,0,2939388,6.61,0.31, 0:01.10,629,1199,1249.33,1176.74,1.1
93,1,2,1:0:0,0x3:0x3,hex,4,0,16,1,1,1,0,3,2,1,auto,1,0,1,40,20,1,69,1,2049191,6.1,0.33, 0:01.21,530,1199,1148.71,820.36,1.21
94,1,2,0:0:0,0x3:0x113,hex,4,0,16,0,1,1,0,3,2,1,spatial,1,0,1,40,20,1,69,0,2383565,6.48,0.33, 0:01.28,528,1199,1079.01,954.22,1.28
95,0,2,1:0:0,0x3:0x113,hex,11,0,16,0,1,1,0,3,2,1,auto,1,0,1,40,40,0,69,1,2620990,10.06,0.26, 0:01.38,746,1199,967.36,1049.27,1.38
96,1,2,1:0:0,0x3:0x113,hex,8,0,16,0,1,1,0,3,2,1,auto,1,0,1,40,20,1,69,1,2120753,9.21,0.27, 0:01.52,622,1199,864.36,849.01,1.52
97,1,2,1:0:0,0x3:0x113,hex,4,1,16,0,1,1,0,3,2,2,auto,1,0,1,40,20,1,69,1,2039917,7.6,0.48, 0:01.79,451,1199,736.61,816.65,1.79
98,1,2,0:0:0,0x3:0x113,hex,4,0,24,0,1,1,0,3,2,1,auto,1,0,1,40,30,1,69,1,2064088,5.72,0.45, 0:01.21,506,1199,1139.05,826.32,1.21
99,1,5,1:0:0,0x3:0x113,hex,6,1,16,1,1,0,-2,3,None,1,spatial,1,0,1,40,30,1,69,1,2191093,8.8,0.33, 0:01.57,578,1199,853.47,877.17,1.57
100,0,3,0:0:0,0x113:0x113,hex,6,1,16,1,1,1,-2,3,2,1,auto,1,0,2,40,30,0,69,1,2596144,7.42,0.36, 0:01.35,574,1199,1009.22,1039.32,1.35
10,1,16,1:0:0,0x3:0x133,tesa,11,1,24,2,1,0,-2,16,2,2,spatial,1,0,2,40,60,1,69,1,2076507,123.93,1.77, 0:14.29,879,1199,85.03,831.3,14.29
