,inputs,accuracy
0,Animation_1080P-01b3.csv,114.19871723280544
1,Animation_1080P-05f8.csv,114.67007816060581
2,Animation_1080P-0c4f.csv,55.78707548362822
3,Animation_1080P-0cdf.csv,42.70006974476665
4,Animation_1080P-18f5.csv,62.035436003107954
5,Animation_1080P-209f.csv,26.13143555443806
6,Animation_1080P-21dd.csv,147.7045310258373
7,Animation_1080P-2fbe.csv,29.065309667956576
8,Animation_1080P-2fff.csv,51.19351329018857
9,Animation_1080P-3d67.csv,46.74088733507146
10,Animation_1080P-3dbf.csv,64.85696125355919
11,Animation_1080P-3e01.csv,49.76985584655461
12,Animation_1080P-4214.csv,31.60950280103135
13,Animation_1080P-4be3.csv,112.79944112799599
14,Animation_1080P-4ea8.csv,89.43519750329101
15,Animation_1080P-5083.csv,43.332799374675446
16,Animation_1080P-58d3.csv,38.41233213446556
17,Animation_1080P-5dd8.csv,91.85619859226028
18,Animation_1080P-646f.csv,15.924862731262028
19,Animation_1080P-66ba.csv,48.89130548089802
20,Animation_1080P-6a33.csv,25.51789319099357
21,Animation_1080P-6ec0.csv,65.82443548942658
22,Animation_1080P-7f27.csv,50.18312147503934
23,Animation_2160P-41dc.csv,98.24139884666879
24,Animation_2160P-6f3b.csv,23.426549699940114
25,Animation_360P-08c9.csv,41.96416677253101
26,Animation_360P-188f.csv,137.9466253345361
27,Animation_360P-24d4.csv,39.570675397664175
28,Animation_360P-3e40.csv,20.792185514305327
29,Animation_360P-3e52.csv,534.1524407771437
30,Animation_360P-47cc.csv,261.0410004118148
31,Animation_360P-4b4c.csv,190.78783072732003
32,Animation_360P-4edc.csv,37.37018864623088
33,Animation_360P-5712.csv,29.52421095799749
34,Animation_360P-5de0.csv,418.0421049410197
35,Animation_360P-631c.csv,23.663404304870888
36,Animation_360P-69e0.csv,59.24102447322095
37,Animation_360P-7856.csv,97.59978750554686
38,Animation_360P-794f.csv,28.11627170320301
39,Animation_480P-046c.csv,63.5347429672079
40,Animation_480P-0529.csv,30.503201143260533
41,Animation_480P-073c.csv,63.65061572173024
42,Animation_480P-087e.csv,39.816536928456685
43,Animation_480P-08a5.csv,33.75658973826097
44,Animation_480P-0d04.csv,33.15116061752672
45,Animation_480P-1da7.csv,106.2407516327394
46,Animation_480P-35ee.csv,86.79419575477225
47,Animation_480P-3e06.csv,172.6986927312592
48,Animation_480P-3fdf.csv,86.56080331184003
49,Animation_480P-4b80.csv,34.3421366321623
50,Animation_480P-4b86.csv,32.90003060878037
51,Animation_480P-4e36.csv,93.03191458844182
52,Animation_480P-52af.csv,15.072202665548085
53,Animation_480P-66c0.csv,111.91627361341357
54,Animation_480P-6e23.csv,83.52886876605679
55,Animation_480P-6ef6.csv,52.356715148569165
56,Animation_480P-6ff4.csv,53.00904219731503
57,Animation_480P-70d4.csv,8.124964774553352
58,Animation_480P-7114.csv,73.89784995852929
59,Animation_480P-791b.csv,56.69782812310209
60,Animation_480P-7a31.csv,72.98142775736517
61,Animation_480P-7ef2.csv,122.2356264715324
62,Animation_720P-0116.csv,107.25973670213261
63,Animation_720P-01b3.csv,82.59298566983207
64,Animation_720P-06a6.csv,66.54284518335547
65,Animation_720P-0acc.csv,177.52500237400844
66,Animation_720P-0c8f.csv,222.15369640559956
67,Animation_720P-13b7.csv,26.595475543917054
68,Animation_720P-1a6d.csv,103.92084016362192
69,Animation_720P-2525.csv,40.26664956094919
70,Animation_720P-26d2.csv,83.25941268260829
71,Animation_720P-2abf.csv,91.76813696655456
72,Animation_720P-3adc.csv,39.2799491695307
73,Animation_720P-412a.csv,38.602596783170576
74,Animation_720P-41cf.csv,418.32596060693913
75,Animation_720P-41d6.csv,61.78696531951088
76,Animation_720P-4268.csv,205.23096566476707
77,Animation_720P-431c.csv,37.652662969072445
78,Animation_720P-4b17.csv,118.0489067790239
79,Animation_720P-57d9.csv,83.55935372230321
80,Animation_720P-5bfc.csv,58.03155141587157
81,Animation_720P-620f.csv,51.11038300108628
82,Animation_720P-6372.csv,18.335986636968606
83,Animation_720P-79ee.csv,40.15280807808729
84,Animation_720P-7b29.csv,120.94210900258972
85,Animation_720P-7e7d.csv,72.16313815370496
86,Animation_720P-7ff2.csv,50.02174239527939
87,CoverSong_1080P-0188.csv,49.23965510051398
88,CoverSong_1080P-033d.csv,47.47184900042809
89,CoverSong_1080P-0f33.csv,72.29866367984414
90,CoverSong_1080P-1963.csv,46.087505269221765
91,CoverSong_1080P-1b08.csv,316.21508857026276
92,CoverSong_1080P-1b0c.csv,92.79677722224646
93,CoverSong_1080P-237f.csv,28.565025373334173
94,CoverSong_1080P-3499.csv,60.726828011903514
95,CoverSong_1080P-3df8.csv,53.210046682133544
96,CoverSong_1080P-5456.csv,336.1908648448026
97,CoverSong_1080P-5cae.csv,45.9412465017226
98,CoverSong_360P-0a9d.csv,160.92990252097724
99,CoverSong_360P-0aa2.csv,53.766228491625554
100,CoverSong_360P-11f9.csv,1035.6473101464449
101,CoverSong_360P-13d2.csv,50.418793334538336
102,CoverSong_360P-14b9.csv,34.412112287280635
103,CoverSong_360P-1b2b.csv,68.53295642489726
104,CoverSong_360P-2146.csv,47.8088731744796
105,CoverSong_360P-2b4d.csv,94.44584973821559
106,CoverSong_360P-3218.csv,41.951251212579535
107,CoverSong_360P-4add.csv,24.221313486339092
108,CoverSong_360P-53a6.csv,50.72032584344763
109,CoverSong_360P-59d1.csv,49.18227339240542
110,CoverSong_360P-5a24.csv,38.28125687098964
111,CoverSong_360P-5d20.csv,96.3729996773831
112,CoverSong_360P-67ec.csv,49.77491550466576
113,CoverSong_360P-69ef.csv,38.55366624970859
114,CoverSong_360P-6d6a.csv,115.1279231560796
115,CoverSong_360P-6da7.csv,247.83785104150857
116,CoverSong_480P-0170.csv,35.80379527571275
117,CoverSong_480P-1019.csv,36.902517944734186
118,CoverSong_480P-1109.csv,28.83984589658319
119,CoverSong_480P-2142.csv,74.55430144308575
120,CoverSong_480P-2207.csv,59.09253819547988
121,CoverSong_480P-2711.csv,90.96264649932297
122,CoverSong_480P-2d2c.csv,126.59072100164664
123,CoverSong_480P-3076.csv,70.35987856843818
124,CoverSong_480P-35e1.csv,25.513474760845664
125,CoverSong_480P-3e4b.csv,30.4176444782707
126,CoverSong_480P-3e92.csv,35.7947273707767
127,CoverSong_480P-3f3b.csv,131.02282997743544
128,CoverSong_480P-41a5.csv,51.69475367662894
129,CoverSong_480P-4d34.csv,48.13130223060451
130,CoverSong_480P-53f4.csv,51.80431500153189
131,CoverSong_480P-59f2.csv,33.99937452302519
132,CoverSong_480P-5b62.csv,42.34264420367672
133,CoverSong_480P-60a6.csv,64.89147155589005
134,CoverSong_480P-64d0.csv,132.34888911381802
135,CoverSong_480P-6c3e.csv,167.6979960222796
136,CoverSong_480P-6c50.csv,68.05819948212888
137,CoverSong_480P-7443.csv,158.29597258473908
138,CoverSong_480P-7f6d.csv,43.052688717727335
139,CoverSong_720P-014c.csv,39.629514259489454
140,CoverSong_720P-01a1.csv,257.0525448584767
141,CoverSong_720P-0239.csv,52.47122716768321
142,CoverSong_720P-05d6.csv,63.669390595192894
143,CoverSong_720P-10f1.csv,46.15615637672371
144,CoverSong_720P-1393.csv,24.82197841204627
145,CoverSong_720P-2d05.csv,66.93990128073811
146,CoverSong_720P-3dca.csv,63.83143237879475
147,CoverSong_720P-4006.csv,66.65563247240433
148,CoverSong_720P-449f.csv,108.14545727165569
149,CoverSong_720P-5689.csv,61.280595610745365
150,CoverSong_720P-5ba2.csv,148.14578644494787
151,CoverSong_720P-60d3.csv,202.51006692948724
152,CoverSong_720P-6626.csv,45.901836804544274
153,CoverSong_720P-6ae4.csv,58.536128046097176
154,CoverSong_720P-6b8c.csv,70.19339788274517
155,CoverSong_720P-6d6a.csv,87.32701580309325
156,CoverSong_720P-6d81.csv,369.12514575948387
157,CoverSong_720P-7360.csv,153.45020727704363
158,CoverSong_720P-7539.csv,31.834014904457632
159,Gaming_1080P-0a5b.csv,66.9348393148046
160,Gaming_1080P-0ce6.csv,58.23579326215855
161,Gaming_1080P-0ef8.csv,50.736945693324216
162,Gaming_1080P-12d4.csv,29.37846978986072
163,Gaming_1080P-13e3.csv,61.514977940345645
164,Gaming_1080P-1704.csv,52.32069505347389
165,Gaming_1080P-173a.csv,35.14405541035119
166,Gaming_1080P-190d.csv,41.150207425944224
167,Gaming_1080P-2221.csv,54.240750799538716
168,Gaming_1080P-223e.csv,73.98862077383818
169,Gaming_1080P-26dc.csv,158.50600127396257
170,Gaming_1080P-277c.csv,160.4141237680238
171,Gaming_1080P-2927.csv,1360.9891009536343
172,Gaming_1080P-29b1.csv,27.65147742706941
173,Gaming_1080P-2e97.csv,117.86174083559126
174,Gaming_1080P-35fa.csv,50.954626894851984
175,Gaming_1080P-3a9d.csv,55.62502451835884
176,Gaming_1080P-3bf7.csv,27.725016119342996
177,Gaming_1080P-3d58.csv,32.2242702173352
178,Gaming_1080P-44c4.csv,124.22818122917234
179,Gaming_1080P-45af.csv,509.4576526477034
180,Gaming_1080P-45fc.csv,69.81193892874602
181,Gaming_1080P-4865.csv,52.82866466602859
182,Gaming_1080P-51fc.csv,30.939436328347597
183,Gaming_1080P-55ac.csv,23.563968331714275
184,Gaming_1080P-564e.csv,205.61782038008369
185,Gaming_1080P-57ca.csv,55.816600931941935
186,Gaming_1080P-58ba.csv,26.35238369664426
187,Gaming_1080P-592a.csv,203.223539233486
188,Gaming_1080P-5ae7.csv,41.63141573675634
189,Gaming_1080P-6530.csv,61.72108108398119
190,Gaming_1080P-6578.csv,56.129433790593836
191,Gaming_1080P-66d2.csv,68.44432472055098
192,Gaming_1080P-698a.csv,74.31624601154545
193,Gaming_1080P-6d53.csv,120.39192522618369
194,Gaming_1080P-6db2.csv,60.23689599684663
195,Gaming_1080P-6dc6.csv,40.90509217518734
196,Gaming_1080P-6e45.csv,99.81935171600809
197,Gaming_1080P-71a5.csv,41.71035279965842
198,Gaming_1080P-72c8.csv,65.92523116668237
199,Gaming_1080P-777b.csv,21.751996345263187
200,Gaming_1080P-7a1e.csv,57.14840166852419
201,Gaming_2160P-2436.csv,64.6375027934275
202,Gaming_2160P-28de.csv,148.17227193820807
203,Gaming_2160P-2b92.csv,51.13619612957895
204,Gaming_2160P-2cb1.csv,41.999649429945876
205,Gaming_2160P-2dc4.csv,66.33639785992305
206,Gaming_2160P-3002.csv,82.19203295097368
207,Gaming_2160P-31f6.csv,43.25257315059887
208,Gaming_2160P-348d.csv,26.696657100616097
209,Gaming_2160P-34a1.csv,60.06903427197922
210,Gaming_2160P-387f.csv,339.8688315257681
211,Gaming_2160P-3a25.csv,58.241948435992775
212,Gaming_2160P-3aec.csv,33.87373127963297
213,Gaming_2160P-3ce4.csv,39.8336634154101
214,Gaming_2160P-4139.csv,111.22593639242237
215,Gaming_2160P-416f.csv,65.5193402397895
216,Gaming_2160P-4258.csv,77.43149390360004
217,Gaming_2160P-5c33.csv,76.86255038704753
218,Gaming_2160P-5c53.csv,44.8994863826696
219,Gaming_2160P-673d.csv,194.48537209023056
220,Gaming_2160P-67b0.csv,30.94108692972362
221,Gaming_2160P-6bb6.csv,37.13713316982931
222,Gaming_2160P-6cd8.csv,1152.9313899280312
223,Gaming_2160P-7e80.csv,38.24806901794815
224,Gaming_2160P-7ff0.csv,81.98856822911664
225,Gaming_360P-043e.csv,72.27187186317543
226,Gaming_360P-0b98.csv,55.69849353605851
227,Gaming_360P-187a.csv,43.81487459122633
228,Gaming_360P-2141.csv,62.0723833701667
229,Gaming_360P-215f.csv,734.6821431397151
230,Gaming_360P-2164.csv,28.715394883005928
231,Gaming_360P-21d2.csv,53.698494104177485
232,Gaming_360P-2330.csv,48.046065425957096
233,Gaming_360P-279f.csv,39.648752484065504
234,Gaming_360P-2f99.csv,266.32320699876254
235,Gaming_360P-3794.csv,39.17939240356886
236,Gaming_360P-3a6b.csv,33.99621761508727
237,Gaming_360P-3eb6.csv,56.639620207315275
238,Gaming_360P-48b0.csv,124.3998117397999
239,Gaming_360P-4f09.csv,44.565779026604964
240,Gaming_360P-5635.csv,35.243835561709545
241,Gaming_360P-56fe.csv,65.24430386875743
242,Gaming_360P-586d.csv,30.187032305349295
243,Gaming_360P-5e0f.csv,56.49134651574407
244,Gaming_360P-6207.csv,40.10058441101048
245,Gaming_360P-63e6.csv,44.26577772634603
246,Gaming_360P-7007.csv,67.17719316359617
247,Gaming_360P-73c7.csv,34.39468203313932
248,Gaming_360P-7975.csv,54.36244890148241
249,Gaming_360P-7acb.csv,25.95447414937915
250,Gaming_480P-0109.csv,191.8782679805451
251,Gaming_480P-062e.csv,30.36995889716535
252,Gaming_480P-09ab.csv,45.22598154649811
253,Gaming_480P-0a03.csv,42.82470773462053
254,Gaming_480P-0a30.csv,123.50350241020314
255,Gaming_480P-0d23.csv,43.26060413542936
256,Gaming_480P-0dbc.csv,49.85758500722237
257,Gaming_480P-14fc.csv,102.9879552930898
258,Gaming_480P-1542.csv,58.352760550789256
259,Gaming_480P-20ca.csv,74.40817841718436
260,Gaming_480P-3a44.csv,111.13451258961393
261,Gaming_480P-445b.csv,44.97881584095159
262,Gaming_480P-4560.csv,54.24111022930911
263,Gaming_480P-5a5a.csv,78.2807725517788
264,Gaming_480P-61ee.csv,103.02203636251161
265,Gaming_480P-626a.csv,30.979690593745556
266,Gaming_480P-6491.csv,53.36799872164558
267,Gaming_480P-6548.csv,93.00707560100663
268,Gaming_480P-6a5a.csv,48.539496489100856
269,Gaming_480P-6c92.csv,105.1680357422299
270,Gaming_480P-6cdc.csv,48.783347946856054
271,Gaming_480P-6d1e.csv,69.80597417892655
272,Gaming_480P-6f4b.csv,240.5513624310118
273,Gaming_480P-75f7.csv,76.52180579688778
274,Gaming_480P-7893.csv,37.85973721435081
275,Gaming_480P-7a08.csv,83.51197641599822
276,Gaming_480P-7ccb.csv,46.71642296004777
277,Gaming_480P-7e76.csv,62.76864046064571
278,Gaming_720P-0fba.csv,61.72064376107571
279,Gaming_720P-0fdb.csv,48.903519719993504
280,Gaming_720P-1035.csv,59.57168063512738
281,Gaming_720P-103a.csv,42.11221033659523
282,Gaming_720P-1cbb.csv,18.001893354320995
283,Gaming_720P-221d.csv,113.77031018741923
284,Gaming_720P-25aa.csv,27.346628817135286
285,Gaming_720P-2dbe.csv,85.01515859621895
286,Gaming_720P-312f.csv,72.1386149083402
287,Gaming_720P-324d.csv,10303.445460726845
288,Gaming_720P-3524.csv,66.14783024714717
289,Gaming_720P-40b2.csv,21.605964577945198
290,Gaming_720P-469a.csv,56.27303691260359
291,Gaming_720P-4813.csv,68.03373288079392
292,Gaming_720P-493e.csv,37.69814663491553
293,Gaming_720P-4cda.csv,937.5288694892552
294,Gaming_720P-5973.csv,53.75285254453089
295,Gaming_720P-5ba2.csv,32.333410385921425
296,Gaming_720P-6403.csv,406.4234072788855
297,Gaming_720P-64b0.csv,51.11974749909275
298,Gaming_720P-6625.csv,46.66977456855121
299,Gaming_720P-6658.csv,155.4574413536994
300,Gaming_720P-6a45.csv,46.73185578111853
301,Gaming_720P-7afd.csv,55.562085294178516
302,HDR_1080P-0d31.csv,49.34077512482517
303,HDR_1080P-13eb.csv,18.63487309506895
304,HDR_1080P-1be2.csv,100.21491200130586
305,HDR_1080P-1e5b.csv,90.25569656764489
306,HDR_1080P-206d.csv,166.30093193708075
307,HDR_1080P-282a.csv,61.92415326105297
308,HDR_1080P-2d32.csv,35.66576212530176
309,HDR_1080P-3181.csv,66.54772773671885
310,HDR_1080P-33e3.csv,92.0353700117685
311,HDR_1080P-3521.csv,336.47271322220047
312,HDR_1080P-35f4.csv,118.31491532875532
313,HDR_1080P-3749.csv,397.1747119632269
314,HDR_1080P-3a4a.csv,41.69200737705431
315,HDR_1080P-46a4.csv,58.914675963676515
316,HDR_1080P-49d6.csv,587.2272704686414
317,HDR_1080P-4f4a.csv,43.876134310345755
318,HDR_1080P-548b.csv,81.77524573191184
319,HDR_1080P-549e.csv,150.13397152980758
320,HDR_1080P-55c4.csv,36.24786066127101
321,HDR_1080P-601b.csv,40.790877781078315
322,HDR_1080P-687e.csv,35.82085237521657
323,HDR_1080P-68c8.csv,856.0942777634293
324,HDR_1080P-69de.csv,113.93193823272011
325,HDR_1080P-6eb7.csv,107.72809506984314
326,HDR_1080P-7825.csv,39.474735373667066
327,HDR_2160P-06ae.csv,33.28010692244736
328,HDR_2160P-0e7a.csv,49.108475020822844
329,HDR_2160P-15e2.csv,27.14105775561088
330,HDR_2160P-1743.csv,110.28740460867591
331,HDR_2160P-1e9e.csv,112.19778112844092
332,HDR_2160P-2a72.csv,166.1297395972812
333,HDR_2160P-351f.csv,107.2658653303871
334,HDR_2160P-3663.csv,56.70772081298653
335,HDR_2160P-382f.csv,123.67207936361228
336,HDR_2160P-3bf1.csv,51.062877794121086
337,HDR_2160P-40ab.csv,158.07508181186273
338,HDR_2160P-4348.csv,38.97083717407649
339,HDR_2160P-4581.csv,43.46419636381911
340,HDR_2160P-4dcd.csv,29.584049037088636
341,HDR_2160P-51ea.csv,23.83495953263286
342,HDR_2160P-5275.csv,45.97389005556372
343,HDR_2160P-5926.csv,93.78974915552023
344,HDR_2160P-5c86.csv,95.65244315562997
345,HDR_2160P-5cdf.csv,59.327015808828506
346,HDR_2160P-5e25.csv,37.14736072396923
347,HDR_2160P-664d.csv,127.0148363311142
348,HDR_2160P-6c6e.csv,214.62373507389648
349,HDR_2160P-6ed1.csv,38.94398163894372
350,HDR_2160P-6eeb.csv,398.60649641356576
351,HDR_2160P-6fa4.csv,95.75475327341309
352,HDR_2160P-6fab.csv,113.72904270723453
353,HDR_2160P-70ca.csv,30.13618693325921
354,HowTo_1080P-0267.csv,47.04127132740224
355,HowTo_1080P-03fd.csv,19.86432820324412
356,HowTo_1080P-13aa.csv,75.10856382275934
357,HowTo_1080P-1f3b.csv,41.43485801988955
358,HowTo_1080P-36a9.csv,35.67288076943345
359,HowTo_1080P-4d7b.csv,96.9708960308897
360,HowTo_1080P-52bb.csv,95.40363401170113
361,HowTo_1080P-55d1.csv,127.66852070634641
362,HowTo_1080P-63b4.csv,38.19818673510425
363,HowTo_1080P-63e4.csv,35.31116227543605
364,HowTo_1080P-63ec.csv,32.15408128795682
365,HowTo_1080P-64f7.csv,30.01677730512476
366,HowTo_1080P-6cbf.csv,84.38817894398287
367,HowTo_1080P-7399.csv,66.48392325041947
368,HowTo_1080P-763c.csv,52.108085132417315
369,HowTo_1080P-7cf2.csv,62.259158978322354
370,HowTo_1080P-7f18.csv,35.83798500092761
371,HowTo_1080P-7f4c.csv,148.54772504627567
372,HowTo_360P-041c.csv,89.72811603785769
373,HowTo_360P-0562.csv,128.74382049402493
374,HowTo_360P-06be.csv,32.034134936597916
375,HowTo_360P-09f8.csv,179.54871084940487
376,HowTo_360P-127f.csv,43.160289313342986
377,HowTo_360P-1823.csv,60.26045102075814
378,HowTo_360P-18e7.csv,31.22820631789666
379,HowTo_360P-1dba.csv,103.0553604494801
380,HowTo_360P-2074.csv,27.498254067089356
381,HowTo_360P-2a3b.csv,30.6809910108067
382,HowTo_360P-2d35.csv,42.961153611157485
383,HowTo_360P-2fd5.csv,88.4708304324677
384,HowTo_360P-3aa6.csv,20.996995922479442
385,HowTo_360P-4276.csv,131.0312265963126
386,HowTo_360P-4e4c.csv,26.298709997674166
387,HowTo_360P-55e9.csv,43.250761422315904
388,HowTo_360P-5da7.csv,42.1939028140199
389,HowTo_360P-6093.csv,24.48167626149769
390,HowTo_360P-6a0e.csv,30.05154032254734
391,HowTo_360P-7083.csv,145.5785677240488
392,HowTo_360P-7dcd.csv,29.5854888627925
393,HowTo_360P-7fb1.csv,98.35024460875061
394,HowTo_480P-04f1.csv,469.6988059768748
395,HowTo_480P-0cb3.csv,115.26989898177473
396,HowTo_480P-0d00.csv,12.403469628597424
397,HowTo_480P-0eb3.csv,182.78795952668497
398,HowTo_480P-118d.csv,54.18780112312028
399,HowTo_480P-15c1.csv,78.4314049272534
400,HowTo_480P-187c.csv,48.72515734173783
401,HowTo_480P-221e.csv,13.742560528436005
402,HowTo_480P-2610.csv,224.85192123961934
403,HowTo_480P-32c9.csv,30.48312856818821
404,HowTo_480P-3435.csv,57.90527062922929
405,HowTo_480P-4332.csv,52.6476887066211
406,HowTo_480P-470b.csv,70.84703915231985
407,HowTo_480P-48ac.csv,37.11266463997409
408,HowTo_480P-4948.csv,173.84963502888837
409,HowTo_480P-4a28.csv,169.0719712285026
410,HowTo_480P-4b6a.csv,95.97944939403621
411,HowTo_480P-4c99.csv,44.61084490991288
412,HowTo_480P-56a5.csv,22.55071843891631
413,HowTo_480P-5a3c.csv,115.79714304043418
414,HowTo_480P-60b3.csv,138.6883661582251
415,HowTo_480P-63a2.csv,87.22728449659908
416,HowTo_480P-64a2.csv,47.076147326517955
417,HowTo_480P-7579.csv,52.95353080276144
418,HowTo_480P-7c11.csv,183.2257018748141
419,HowTo_720P-017a.csv,343.2383242416988
420,HowTo_720P-06eb.csv,290.8401088702813
421,HowTo_720P-0a67.csv,40.29777249262189
422,HowTo_720P-0b01.csv,34.174505932928554
423,HowTo_720P-0c47.csv,297.83769058231877
424,HowTo_720P-111e.csv,87.9384604257481
425,HowTo_720P-12f7.csv,70.29739999280034
426,HowTo_720P-21c6.csv,41.98151579740238
427,HowTo_720P-269e.csv,55.78811387775677
428,HowTo_720P-2cc6.csv,49.115211707853106
429,HowTo_720P-37d0.csv,37.487430054870494
430,HowTo_720P-3813.csv,40.979927738282626
431,HowTo_720P-3a5d.csv,46.647993762948204
432,HowTo_720P-479b.csv,51.89476708987776
433,HowTo_720P-483c.csv,37.43962098275028
434,HowTo_720P-4d55.csv,21.373061034980363
435,HowTo_720P-4d9e.csv,59.13640767253359
436,HowTo_720P-6323.csv,64.4769576695274
437,HowTo_720P-6791.csv,18.410470348086694
438,HowTo_720P-7782.csv,69.85163390417912
439,HowTo_720P-7878.csv,76.74953256298845
440,HowTo_720P-7c38.csv,131.90634220916283
441,Lecture_1080P-011f.csv,37.56869751679219
442,Lecture_1080P-0201.csv,47.23405599242297
443,Lecture_1080P-0c8a.csv,48.50013966136508
444,Lecture_1080P-1709.csv,23.56518510015617
445,Lecture_1080P-1969.csv,21.8937919959449
446,Lecture_1080P-1b5f.csv,45.64332645115545
447,Lecture_1080P-1daf.csv,39.14934678173778
448,Lecture_1080P-238b.csv,135.5858364300671
449,Lecture_1080P-280a.csv,1730.5371763429562
450,Lecture_1080P-2b11.csv,136.38761113744235
451,Lecture_1080P-3077.csv,100.0645077000699
452,Lecture_1080P-3ce0.csv,122.48875742086594
453,Lecture_1080P-3cf3.csv,105.73878253528517
454,Lecture_1080P-3dc4.csv,210.15895215175607
455,Lecture_1080P-412e.csv,64.07175793034287
456,Lecture_1080P-454c.csv,37.43227054626093
457,Lecture_1080P-4991.csv,282.3276394255992
458,Lecture_1080P-5083.csv,78.78110286854897
459,Lecture_1080P-50a2.csv,75.7917947383195
460,Lecture_1080P-51b8.csv,33.16990345487468
461,Lecture_1080P-547b.csv,179.89237216334678
462,Lecture_1080P-5d58.csv,95.57978344954775
463,Lecture_1080P-6089.csv,174.2738962282703
464,Lecture_1080P-73d5.csv,192.8291133590621
465,Lecture_360P-03bc.csv,36.35759738096339
466,Lecture_360P-051a.csv,35.03419147476225
467,Lecture_360P-114f.csv,38.6195567773719
468,Lecture_360P-20c3.csv,46.11301031892992
469,Lecture_360P-2276.csv,39.19341242952707
470,Lecture_360P-27db.csv,36.49857632831551
471,Lecture_360P-2c55.csv,34.84977050295039
472,Lecture_360P-2d1f.csv,18.898980839017042
473,Lecture_360P-30eb.csv,99.11078286615083
474,Lecture_360P-311d.csv,46.58405651214564
475,Lecture_360P-3590.csv,27.3456767838262
476,Lecture_360P-44c2.csv,67.06756783838543
477,Lecture_360P-4bb4.csv,30.981644194764023
478,Lecture_360P-4f00.csv,45.27491754300316
479,Lecture_360P-506c.csv,30.04302441837995
480,Lecture_360P-5594.csv,27.230626677546365
481,Lecture_360P-5779.csv,31.820457379966662
482,Lecture_360P-5aea.csv,185.1294385661877
483,Lecture_360P-5d0a.csv,75.91358951618544
484,Lecture_360P-6656.csv,24.487715058980637
485,Lecture_360P-6702.csv,39.454916917735034
486,Lecture_360P-6d29.csv,214.0088513752591
487,Lecture_360P-7550.csv,39.50178211169923
488,Lecture_360P-7a57.csv,60.33057560956472
489,Lecture_360P-7f7e.csv,25.29149581698346
490,Lecture_480P-02f2.csv,23.266882564077875
491,Lecture_480P-11df.csv,176.8459265228741
492,Lecture_480P-181a.csv,133.10314814394005
493,Lecture_480P-1ec3.csv,61.711782144377025
494,Lecture_480P-2513.csv,286.08767144438355
495,Lecture_480P-2655.csv,80.9368673490714
496,Lecture_480P-2ed0.csv,76.26866495537857
497,Lecture_480P-369f.csv,82.69706572865815
498,Lecture_480P-3bdc.csv,93.3312382955633
499,Lecture_480P-41b7.csv,111.33665095995245
500,Lecture_480P-4272.csv,62.33648576779124
501,Lecture_480P-42c3.csv,34.7858787705667
502,Lecture_480P-4bc3.csv,53.73097940781368
503,Lecture_480P-4c86.csv,42.031125224778314
504,Lecture_480P-5aee.csv,63.630116493750755
505,Lecture_480P-5cd7.csv,36.89720277292192
506,Lecture_480P-5f3a.csv,176.05318336720356
507,Lecture_480P-6191.csv,70.96540861043275
508,Lecture_480P-6b1e.csv,44.895579301915724
509,Lecture_480P-71c0.csv,89.46503535274694
510,Lecture_480P-71d6.csv,80.96069740386494
511,Lecture_480P-7205.csv,46.373561633146586
512,Lecture_480P-73f6.csv,19.06692360985035
513,Lecture_480P-74cf.csv,66.81657585487415
514,Lecture_480P-74ea.csv,92.86078974141965
515,Lecture_480P-7d77.csv,90.2889662387565
516,Lecture_480P-7e55.csv,39.53098628733757
517,Lecture_480P-7eec.csv,39.659195448282695
518,Lecture_720P-003a.csv,66.95683887468022
519,Lecture_720P-07e0.csv,88.06108814418073
520,Lecture_720P-094d.csv,56.91348039012862
521,Lecture_720P-0f64.csv,20.91225387324459
522,Lecture_720P-1033.csv,44.07050831547861
523,Lecture_720P-10bc.csv,88.90308184803034
524,Lecture_720P-11e7.csv,372.89380244249156
525,Lecture_720P-1e62.csv,97.62202439634538
526,Lecture_720P-1f22.csv,43.59987060878734
527,Lecture_720P-2442.csv,56.80890530140383
528,Lecture_720P-26df.csv,28.855125012602286
529,Lecture_720P-2b0f.csv,47.095398655239556
530,Lecture_720P-2f38.csv,46.189770829908014
531,Lecture_720P-2f8c.csv,41.163926015553706
532,Lecture_720P-3b7f.csv,293.9655587716086
533,Lecture_720P-3f9f.csv,75.99307520826217
534,Lecture_720P-4c87.csv,58.34169449518366
535,Lecture_720P-50b9.csv,64.59203039563253
536,Lecture_720P-5120.csv,27.868668141352607
537,Lecture_720P-53a1.csv,64.6354950682215
538,Lecture_720P-5725.csv,175.69374637461277
539,Lecture_720P-5c7e.csv,25.997942010871746
540,Lecture_720P-6016.csv,54.15873911763164
541,Lecture_720P-6951.csv,28.97022038373091
542,Lecture_720P-7189.csv,90.51770778853768
543,Lecture_720P-7dcf.csv,26.1684228844391
544,Lecture_720P-7e40.csv,21.14409359201638
545,LiveMusic_1080P-14af.csv,51.09916399390611
546,LiveMusic_1080P-157b.csv,135.67657246701043
547,LiveMusic_1080P-1ace.csv,61.89270046491288
548,LiveMusic_1080P-21dd.csv,53.0202485349224
549,LiveMusic_1080P-28fe.csv,48.89123582602339
550,LiveMusic_1080P-2930.csv,25.622591641838493
551,LiveMusic_1080P-2b7a.csv,46.478511360224886
552,LiveMusic_1080P-2f7f.csv,58.867463480903965
553,LiveMusic_1080P-3549.csv,38.756171459761255
554,LiveMusic_1080P-3e1a.csv,77.9916840015745
555,LiveMusic_1080P-3f95.csv,41.48059802994832
556,LiveMusic_1080P-48d5.csv,61.508580589679376
557,LiveMusic_1080P-514e.csv,24.407968378052068
558,LiveMusic_1080P-51f6.csv,64.4424862741627
559,LiveMusic_1080P-541f.csv,473.8456875392103
560,LiveMusic_1080P-59b3.csv,243.5527752836818
561,LiveMusic_1080P-6b1c.csv,171.81791992022073
562,LiveMusic_1080P-6bbe.csv,46.47905547844748
563,LiveMusic_1080P-6d1a.csv,79.69978130871354
564,LiveMusic_1080P-6fe2.csv,42.54843730577994
565,LiveMusic_1080P-77e8.csv,31.536295192016507
566,LiveMusic_1080P-7948.csv,139.2576351770762
567,LiveMusic_1080P-7ead.csv,34.302438807889594
568,LiveMusic_360P-121f.csv,20.859198185306294
569,LiveMusic_360P-1d94.csv,152.7483666710636
570,LiveMusic_360P-22c5.csv,43.14039432391691
571,LiveMusic_360P-2508.csv,46.66951865293703
572,LiveMusic_360P-265c.csv,46.783437514588925
573,LiveMusic_360P-2b0f.csv,99.22674360870917
574,LiveMusic_360P-3979.csv,64.19238658302399
575,LiveMusic_360P-3b96.csv,14.754798226998787
576,LiveMusic_360P-3be0.csv,165.90717164216275
577,LiveMusic_360P-405c.csv,42.64782381765234
578,LiveMusic_360P-48d5.csv,25.20602140427469
579,LiveMusic_360P-5281.csv,27.361162042882864
580,LiveMusic_360P-54d0.csv,25.72578452600434
581,LiveMusic_360P-5b57.csv,58.20943426363594
582,LiveMusic_360P-6266.csv,64.01341391915425
583,LiveMusic_360P-6640.csv,22.730500090063746
584,LiveMusic_360P-6a65.csv,138.04414257390465
585,LiveMusic_360P-7483.csv,50.53587019672128
586,LiveMusic_480P-0638.csv,114.92167666360592
587,LiveMusic_480P-1a91.csv,55.060779655513876
588,LiveMusic_480P-2019.csv,82.42089130650174
589,LiveMusic_480P-2a5e.csv,79.78693802697455
590,LiveMusic_480P-331a.csv,55.2934300808584
591,LiveMusic_480P-34be.csv,60.66007529875075
592,LiveMusic_480P-38f3.csv,111.38847983689399
593,LiveMusic_480P-3d03.csv,44.569230252493824
594,LiveMusic_480P-427e.csv,86.97788826274105
595,LiveMusic_480P-459c.csv,38.262443696951955
596,LiveMusic_480P-474a.csv,49.267188304895264
597,LiveMusic_480P-4c3a.csv,59.710842939729545
598,LiveMusic_480P-4f88.csv,62.975635416412025
599,LiveMusic_480P-559d.csv,41.59589146317505
600,LiveMusic_480P-58fb.csv,116.21537017455549
601,LiveMusic_480P-61ef.csv,41.54866155623747
602,LiveMusic_480P-636e.csv,122.9361079372411
603,LiveMusic_480P-6542.csv,86.80937866267203
604,LiveMusic_480P-65ca.csv,86.38976113971219
605,LiveMusic_720P-0cd5.csv,133.77329689172674
606,LiveMusic_720P-0d9f.csv,62.68227567390885
607,LiveMusic_720P-2620.csv,51.732486361088775
608,LiveMusic_720P-267b.csv,65.18922927624673
609,LiveMusic_720P-289b.csv,139.55509544810735
610,LiveMusic_720P-3320.csv,85.94049677270166
611,LiveMusic_720P-4ae2.csv,61.165710499744364
612,LiveMusic_720P-58db.csv,46.25461576409397
613,LiveMusic_720P-6343.csv,96.62693094729629
614,LiveMusic_720P-6452.csv,110.7453945109487
615,LiveMusic_720P-653e.csv,78.55954769086549
616,LiveMusic_720P-65f6.csv,112.48071063396544
617,LiveMusic_720P-66df.csv,44.0006654034696
618,LiveMusic_720P-71c5.csv,40.05129687541691
619,LyricVideo_1080P-0075.csv,61.77056684161183
620,LyricVideo_1080P-0625.csv,44.240130730076636
621,LyricVideo_1080P-11f0.csv,67.80942385644883
622,LyricVideo_1080P-12af.csv,47.78616471356402
623,LyricVideo_1080P-16b6.csv,312.46348895596583
624,LyricVideo_1080P-1b04.csv,41.56507554079072
625,LyricVideo_1080P-1d75.csv,68.52529984852444
626,LyricVideo_1080P-23db.csv,41.096096578275834
627,LyricVideo_1080P-28e8.csv,56.840558067671324
628,LyricVideo_1080P-2946.csv,51.380066774540765
629,LyricVideo_1080P-3803.csv,116.78636467732417
630,LyricVideo_1080P-3b60.csv,37.48044373692596
631,LyricVideo_1080P-41ee.csv,48.38389541767893
632,LyricVideo_1080P-4b40.csv,76.02294565388235
633,LyricVideo_1080P-5461.csv,110.8315314977466
634,LyricVideo_1080P-584f.csv,99.52498564787103
635,LyricVideo_1080P-5a1f.csv,57.04133746959356
636,LyricVideo_1080P-63d4.csv,35.061250971880916
637,LyricVideo_1080P-63d9.csv,177.78677618410543
638,LyricVideo_1080P-725e.csv,48.247335600748286
639,LyricVideo_1080P-756a.csv,76.81798405307089
640,LyricVideo_360P-0ac7.csv,21.021306359249767
641,LyricVideo_360P-17ce.csv,44.561609733846616
642,LyricVideo_360P-3afc.csv,49.34818332141583
643,LyricVideo_360P-5868.csv,69.5836355367304
644,LyricVideo_360P-5b54.csv,41.023764932884866
645,LyricVideo_360P-5e87.csv,55.73515510790323
646,LyricVideo_360P-7fb1.csv,27.3786058677584
647,LyricVideo_480P-0722.csv,30.178190721300773
648,LyricVideo_480P-0a5b.csv,39.223391934331644
649,LyricVideo_480P-0f72.csv,122.86956431693606
650,LyricVideo_480P-1484.csv,47.78924327899941
651,LyricVideo_480P-200a.csv,41.4618615050761
652,LyricVideo_480P-2c50.csv,34.859361233493246
653,LyricVideo_480P-3b2c.csv,79.53345752637581
654,LyricVideo_480P-3ccf.csv,64.80235575916971
655,LyricVideo_480P-4346.csv,94.08343288494984
656,LyricVideo_480P-51e4.csv,202.27835309697304
657,LyricVideo_480P-5c17.csv,205.53042304956224
658,LyricVideo_480P-6385.csv,49.14563544790339
659,LyricVideo_480P-6fca.csv,112.57693922530969
660,LyricVideo_480P-7919.csv,36.1673136784493
661,LyricVideo_720P-068d.csv,82.78632684402291
662,LyricVideo_720P-081c.csv,33.64874544974879
663,LyricVideo_720P-0940.csv,258.0633715954935
664,LyricVideo_720P-09ed.csv,49.76253703718058
665,LyricVideo_720P-0ae4.csv,35.05112123963619
666,LyricVideo_720P-1c89.csv,35.555393116973356
667,LyricVideo_720P-2d24.csv,53.4294618543874
668,LyricVideo_720P-36fb.csv,43.486398079657924
669,LyricVideo_720P-4253.csv,14.07323282084252
670,LyricVideo_720P-47a9.csv,53.40196883176977
671,LyricVideo_720P-59ed.csv,40.631667642587374
672,LyricVideo_720P-5d3a.csv,34.303909303961646
673,LyricVideo_720P-6f0c.csv,23.425161575557638
674,LyricVideo_720P-6fc9.csv,46.40568504326114
675,LyricVideo_720P-7003.csv,40.03499815651353
676,LyricVideo_720P-739a.csv,54.60289356175921
677,LyricVideo_720P-74a0.csv,187.61299223736586
678,LyricVideo_720P-7f44.csv,125.11899164409083
679,MusicVideo_1080P-16e6.csv,55.01288728599045
680,MusicVideo_1080P-6fb1.csv,86.34767715602662
681,MusicVideo_360P-4de7.csv,32.29518370789681
682,MusicVideo_360P-5578.csv,48.000580215906
683,MusicVideo_480P-12fb.csv,33.10989827335977
684,MusicVideo_480P-3c8b.csv,46.29574349135619
685,MusicVideo_720P-0355.csv,25.216598887547438
686,MusicVideo_720P-3698.csv,48.13573908098015
687,NewsClip_1080P-0abf.csv,49.970379736121046
688,NewsClip_1080P-27fb.csv,38.516242199496844
689,NewsClip_360P-1eae.csv,42.0585805918828
690,NewsClip_360P-5752.csv,35.67320680991368
691,NewsClip_480P-0ce5.csv,78.52803595638126
692,NewsClip_480P-5e7f.csv,24.525045919852754
693,NewsClip_720P-1971.csv,90.73158683576636
694,NewsClip_720P-4e87.csv,65.51753655044853
695,Sports_1080P-1d78.csv,119.43412373695784
696,Sports_1080P-53a0.csv,92.0638710117511
697,Sports_2160P-324e.csv,118.88409099727657
698,Sports_2160P-7bbe.csv,83.07396945685181
699,Sports_360P-2ace.csv,47.95435079868364
700,Sports_360P-5252.csv,481.8877016211638
701,Sports_480P-211f.csv,38.03852770626624
702,Sports_480P-7f7e.csv,62.297680148758126
703,Sports_720P-17fb.csv,31.105744364406583
704,Sports_720P-675b.csv,1514.9387374006315
705,TelevisionClip_1080P-0604.csv,38.43466699440767
706,TelevisionClip_1080P-3758.csv,72.91414494270226
707,TelevisionClip_1080P-39e3.csv,28.790204321093576
708,TelevisionClip_1080P-3b9b.csv,39.695590134376175
709,TelevisionClip_1080P-3d10.csv,26.316940927158896
710,TelevisionClip_1080P-3d83.csv,128.8698196445823
711,TelevisionClip_1080P-3e42.csv,46.93507414031743
712,TelevisionClip_1080P-401e.csv,150.8561114626246
713,TelevisionClip_1080P-4c24.csv,47.5737796437601
714,TelevisionClip_1080P-4c94.csv,243.57601547508563
715,TelevisionClip_1080P-525d.csv,37.30596830197268
716,TelevisionClip_1080P-5278.csv,91.15166238282863
717,TelevisionClip_1080P-5e68.csv,105.16747683838886
718,TelevisionClip_1080P-6026.csv,41.08356477477173
719,TelevisionClip_1080P-6282.csv,71.45447155271218
720,TelevisionClip_1080P-63e6.csv,45.804444884427696
721,TelevisionClip_1080P-64e2.csv,68.83316672026083
722,TelevisionClip_1080P-68c6.csv,40.03047518159867
723,TelevisionClip_1080P-7eff.csv,104.26386911595182
724,TelevisionClip_360P-0951.csv,74.95749118172134
725,TelevisionClip_360P-11d5.csv,161.94186972949436
726,TelevisionClip_360P-29f1.csv,117.5211728702939
727,TelevisionClip_360P-3b9a.csv,36.435168116679144
728,TelevisionClip_360P-74dd.csv,42.04216830719676
729,TelevisionClip_360P-7b23.csv,70.60745177576396
730,TelevisionClip_480P-09d8.csv,110.86378099161001
731,TelevisionClip_480P-0d89.csv,56.7372118004516
732,TelevisionClip_480P-0e46.csv,109.98443687229147
733,TelevisionClip_480P-19d3.csv,29.681719656724187
734,TelevisionClip_480P-1b49.csv,53.87950677477395
735,TelevisionClip_480P-27ca.csv,1159.5769158211078
736,TelevisionClip_480P-280f.csv,317.26667081465206
737,TelevisionClip_480P-2ead.csv,42.47501230445074
738,TelevisionClip_480P-30b6.csv,276.4869685036524
739,TelevisionClip_480P-3284.csv,46.26211282475621
740,TelevisionClip_480P-3617.csv,127.9420958450253
741,TelevisionClip_480P-373d.csv,32.19058564669977
742,TelevisionClip_480P-3c64.csv,29.508646139359563
743,TelevisionClip_480P-415c.csv,52.71162342868479
744,TelevisionClip_480P-436c.csv,58.26716493600655
745,TelevisionClip_480P-4c6b.csv,40.9657001586329
746,TelevisionClip_480P-59f0.csv,61.767567381829096
747,TelevisionClip_480P-723e.csv,67.4790694891437
748,TelevisionClip_720P-1862.csv,37.83674057293597
749,TelevisionClip_720P-19de.csv,167.86439446911413
750,TelevisionClip_720P-1b61.csv,67.72819827150917
751,TelevisionClip_720P-2b20.csv,35.73677692167774
752,TelevisionClip_720P-31ce.csv,446.4504960539558
753,TelevisionClip_720P-3f4c.csv,105.07408543327138
754,TelevisionClip_720P-44d1.csv,475.21298593826833
755,TelevisionClip_720P-4af1.csv,28.81986203204709
756,TelevisionClip_720P-4edb.csv,29.394986198563004
757,TelevisionClip_720P-522a.csv,89.14903719930643
758,TelevisionClip_720P-5e93.csv,68.91438207748428
759,TelevisionClip_720P-7c06.csv,84.9782867588844
760,VR_1080P-0427.csv,108.90717807571264
761,VR_1080P-04fc.csv,33.602231057074604
762,VR_1080P-050c.csv,32.833445275502484
763,VR_1080P-0519.csv,69.62003381729657
764,VR_1080P-052d.csv,97.10575546971518
765,VR_1080P-0597.csv,54.678640113401954
766,VR_1080P-08f0.csv,111.75387449837626
767,VR_1080P-0f2c.csv,36.67794034027738
768,VR_1080P-1010.csv,655.6020228032143
769,VR_1080P-1a9c.csv,69.20731188027739
770,VR_1080P-1d16.csv,98.5465253566135
771,VR_1080P-2831.csv,86.9712941868493
772,VR_1080P-292f.csv,73.85601463368269
773,VR_1080P-2d91.csv,44.621480475823695
774,VR_1080P-2f02.csv,83.4001913781246
775,VR_1080P-313b.csv,44.82598613827106
776,VR_1080P-384e.csv,31.89671085427998
777,VR_1080P-38d6.csv,51.43265454008052
778,VR_1080P-3958.csv,36.392905469869085
779,VR_1080P-3b63.csv,34.2885685495443
780,VR_1080P-3d5f.csv,70.27220615383824
781,VR_1080P-3e1b.csv,42.93691206985094
782,VR_1080P-3f81.csv,134.89303725887387
783,VR_1080P-43b2.csv,19.85230304101628
784,VR_1080P-4aeb.csv,663.3375087790084
785,VR_1080P-4d74.csv,34.41078599361801
786,VR_1080P-506a.csv,1053.2086528900222
787,VR_1080P-5667.csv,25.71059503006628
788,VR_1080P-6093.csv,61.06087244607827
789,VR_1080P-6261.csv,48.36513057026538
790,VR_1080P-6501.csv,719.6468029483227
791,VR_1080P-6cc4.csv,28.059841260144402
792,VR_1080P-7067.csv,19.844231951335495
793,VR_1080P-76a2.csv,62.9476274269344
794,VR_1080P-77eb.csv,28.124549234850935
795,VR_1080P-7abd.csv,28.098506006675127
796,VR_2160P-05a6.csv,63.480147738232425
797,VR_2160P-097e.csv,63.86642614767642
798,VR_2160P-0ba9.csv,49.319396803576524
799,VR_2160P-0e03.csv,40.022360988588105
800,VR_2160P-0edf.csv,75.59567754396588
801,VR_2160P-12ac.csv,45.132344614831666
802,VR_2160P-1422.csv,52.21319033361969
803,VR_2160P-1456.csv,135.98484052947242
804,VR_2160P-1477.csv,73.59055556286216
805,VR_2160P-1546.csv,1815.889729796449
806,VR_2160P-176f.csv,145.5104556419522
807,VR_2160P-1c15.csv,48.70663064646879
808,VR_2160P-2227.csv,38.280745987829555
809,VR_2160P-29c3.csv,108.6021457763112
810,VR_2160P-2dc9.csv,31.084537361480223
811,VR_2160P-36ac.csv,91.93761956342692
812,VR_2160P-3b3a.csv,28.20115837282895
813,VR_2160P-40af.csv,14.44960979010746
814,VR_2160P-42fa.csv,53.59472419969038
815,VR_2160P-4656.csv,30.961989426156332
816,VR_2160P-4725.csv,75.19496046568693
817,VR_2160P-5489.csv,60.47094698185847
818,VR_2160P-5726.csv,44.64935165082004
819,VR_2160P-5c23.csv,26.20402119330016
820,VR_2160P-5e5d.csv,59.517748350462476
821,VR_2160P-613e.csv,55.722275344781636
822,VR_2160P-6567.csv,366.07415959989737
823,VR_2160P-674b.csv,77.25278983336548
824,VR_2160P-6d4f.csv,36.95286936987817
825,VR_2160P-6d71.csv,98.9219498660041
826,VR_2160P-779d.csv,62.558274898123685
827,VR_2160P-7874.csv,248.77998374059825
828,VR_2160P-7947.csv,70.26177141119939
829,VR_2160P-7977.csv,45.02664149826963
830,VR_2160P-7eab.csv,93.70401404370106
831,VR_720P-00d2.csv,69.46860401130972
832,VR_720P-063e.csv,45.6906577232664
833,VR_720P-0641.csv,43.634048267284086
834,VR_720P-09ae.csv,38.49370749601807
835,VR_720P-1b9a.csv,222.9040461170076
836,VR_720P-1dd7.csv,72.3228593885799
837,VR_720P-23a9.csv,222.09666413270247
838,VR_720P-32ed.csv,46.47144627421553
839,VR_720P-3386.csv,46.02086153550146
840,VR_720P-339f.csv,47.66697244189618
841,VR_720P-364f.csv,40.50482045071023
842,VR_720P-380e.csv,35.142047928141594
843,VR_720P-403e.csv,29.33237835995534
844,VR_720P-43fc.csv,41.03450952110818
845,VR_720P-448a.csv,230.12725306582502
846,VR_720P-557f.csv,152.47750846216815
847,VR_720P-748e.csv,220.49712078955682
848,VR_720P-7f3e.csv,36.41241991270989
849,VerticalVideo_1080P-04d4.csv,39.56563611033312
850,VerticalVideo_1080P-1105.csv,380.9870197232969
851,VerticalVideo_1080P-1ac1.csv,37.42086821509574
852,VerticalVideo_1080P-1c86.csv,17.257916495311175
853,VerticalVideo_1080P-2195.csv,39.78611195912863
854,VerticalVideo_1080P-2f00.csv,28.572940808174724
855,VerticalVideo_1080P-30b0.csv,63.22199029897952
856,VerticalVideo_1080P-34ba.csv,53.75649700972772
857,VerticalVideo_1080P-360f.csv,135.82997740232258
858,VerticalVideo_1080P-3709.csv,1053.4294330801233
859,VerticalVideo_1080P-3a9b.csv,1009.5224445002117
860,VerticalVideo_1080P-3d96.csv,805.9160116903437
861,VerticalVideo_1080P-4591.csv,50.667959921043995
862,VerticalVideo_1080P-4925.csv,228.31014679918627
863,VerticalVideo_1080P-4b92.csv,59.23295916645117
864,VerticalVideo_1080P-4da5.csv,47.843679890706
865,VerticalVideo_1080P-6e19.csv,43.49968246227955
866,VerticalVideo_1080P-73b6.csv,39.29497559716988
867,VerticalVideo_1080P-766b.csv,367.4156791733949
868,VerticalVideo_1080P-7c5c.csv,44.68815214728194
869,VerticalVideo_1080P-7cf3.csv,74.49495106479483
870,VerticalVideo_2160P-6d62.csv,40.81959205726111
871,VerticalVideo_360P-0d29.csv,45.74437034105214
872,VerticalVideo_360P-1424.csv,25.781023753023515
873,VerticalVideo_360P-145e.csv,235.3976127253728
874,VerticalVideo_360P-2bb0.csv,36.11315170732482
875,VerticalVideo_360P-2fa3.csv,29.034054183523768
876,VerticalVideo_360P-3936.csv,52.1190111026433
877,VerticalVideo_360P-3b4e.csv,114.60844446954945
878,VerticalVideo_360P-42f1.csv,99.80973869292862
879,VerticalVideo_360P-49de.csv,48.11226107736637
880,VerticalVideo_360P-52c1.csv,71.28814381113216
881,VerticalVideo_360P-5429.csv,32.253777876111265
882,VerticalVideo_360P-54f7.csv,42.87992466953043
883,VerticalVideo_360P-579c.csv,272.12961567669976
884,VerticalVideo_360P-634f.csv,168.12157485592735
885,VerticalVideo_360P-6490.csv,29.594837410063157
886,VerticalVideo_360P-694d.csv,45.6186592449919
887,VerticalVideo_360P-6ff2.csv,26.397632327970022
888,VerticalVideo_360P-70a9.csv,57.042884540481474
889,VerticalVideo_360P-7ba8.csv,10565.342041171529
890,VerticalVideo_360P-7ec3.csv,72.21919293093163
891,VerticalVideo_480P-1bb9.csv,10.026809891327057
892,VerticalVideo_480P-2aa1.csv,78.10390869491204
893,VerticalVideo_480P-2fa4.csv,60.74721457583131
894,VerticalVideo_480P-34b9.csv,223.2815486562834
895,VerticalVideo_480P-3a6a.csv,65.93633884288714
896,VerticalVideo_480P-419c.csv,65.48388962882669
897,VerticalVideo_480P-467e.csv,43.23924545994837
898,VerticalVideo_480P-5168.csv,72.1186228609684
899,VerticalVideo_480P-51b7.csv,37.038220875949676
900,VerticalVideo_480P-550d.csv,40.33539621560589
901,VerticalVideo_480P-572a.csv,129.4725253570139
902,VerticalVideo_480P-7278.csv,35.338483553776484
903,VerticalVideo_480P-729c.csv,49.55034004995497
904,VerticalVideo_480P-790a.csv,42.84294368145244
905,VerticalVideo_720P-0750.csv,159.565259453277
906,VerticalVideo_720P-0dac.csv,9.636333838318887
907,VerticalVideo_720P-0f61.csv,162.81623776580835
908,VerticalVideo_720P-19fa.csv,54.494280904711786
909,VerticalVideo_720P-1ada.csv,121.93934859819005
910,VerticalVideo_720P-2efc.csv,801.6304575675325
911,VerticalVideo_720P-3df7.csv,139.71071606309187
912,VerticalVideo_720P-42f2.csv,58.039405607961314
913,VerticalVideo_720P-44de.csv,138.49083467308031
914,VerticalVideo_720P-456c.csv,56.525868553850714
915,VerticalVideo_720P-4730.csv,67.95036170875964
916,VerticalVideo_720P-4ca7.csv,268.34573081646056
917,VerticalVideo_720P-57eb.csv,66.10740893920686
918,VerticalVideo_720P-6580.csv,38.313302786307716
919,VerticalVideo_720P-665d.csv,66.396872297195
920,VerticalVideo_720P-669d.csv,32.86856038884952
921,VerticalVideo_720P-6bf7.csv,61.45872685356128
922,VerticalVideo_720P-7517.csv,46.155986079658376
923,VerticalVideo_720P-7859.csv,73.21723018674972
924,VerticalVideo_720P-7c1d.csv,67.79457135453546
925,Vlog_1080P-010b.csv,42.890062144935904
926,Vlog_1080P-04fe.csv,31.82343259710343
927,Vlog_1080P-1609.csv,42.418127603205065
928,Vlog_1080P-18da.csv,55.78308061568514
929,Vlog_1080P-19bb.csv,75.5618381300749
930,Vlog_1080P-19cc.csv,40.416537020865306
931,Vlog_1080P-1a53.csv,27.903993059998555
932,Vlog_1080P-1df9.csv,42.458796860397875
933,Vlog_1080P-1e70.csv,26.53123616620395
934,Vlog_1080P-1f0a.csv,116.46497935230795
935,Vlog_1080P-21f5.csv,91.55544603127908
936,Vlog_1080P-232f.csv,37.336674507782284
937,Vlog_1080P-2394.csv,22329.65787498523
938,Vlog_1080P-23cb.csv,77.73990241725058
939,Vlog_1080P-25de.csv,162.32696452453303
940,Vlog_1080P-2600.csv,284.14807469361097
941,Vlog_1080P-26dc.csv,187.2314054866036
942,Vlog_1080P-2cda.csv,82.73954941524161
943,Vlog_1080P-322f.csv,64.37259189058076
944,Vlog_1080P-34cb.csv,45.358425982281894
945,Vlog_1080P-35cd.csv,172.20047636592463
946,Vlog_1080P-3744.csv,208.60422441244654
947,Vlog_1080P-37cf.csv,91.51599580720938
948,Vlog_1080P-45c9.csv,75.84036207114015
949,Vlog_1080P-4921.csv,45.81919398215447
950,Vlog_1080P-4a91.csv,43.84977075939893
951,Vlog_1080P-4ba9.csv,48.59361726402906
952,Vlog_1080P-4f26.csv,53.109608618795065
953,Vlog_1080P-52fe.csv,129.91105420808447
954,Vlog_1080P-58ad.csv,37.24184588903931
955,Vlog_1080P-5904.csv,121.36105273005728
956,Vlog_1080P-5a19.csv,47.55070833776339
957,Vlog_1080P-5c65.csv,30.211236902165393
958,Vlog_1080P-5f28.csv,78.92979888763571
959,Vlog_1080P-62fc.csv,70.50637236623024
960,Vlog_1080P-634b.csv,25.124514086663837
961,Vlog_1080P-64b6.csv,35.700811441226605
962,Vlog_1080P-6686.csv,167.33830804216714
963,Vlog_1080P-687a.csv,109.27136423078946
964,Vlog_1080P-7062.csv,67.86142694906582
965,Vlog_1080P-75b0.csv,47.57443118664148
966,Vlog_1080P-7b67.csv,128.48017870689887
967,Vlog_1080P-7e8c.csv,574.3328867421226
968,Vlog_2160P-0289.csv,61.194678860672624
969,Vlog_2160P-030a.csv,78.87638243820238
970,Vlog_2160P-03a9.csv,93.76246663924545
971,Vlog_2160P-0577.csv,82.96567685765146
972,Vlog_2160P-059c.csv,65.69907088568067
973,Vlog_2160P-09c9.csv,75.85829809228326
974,Vlog_2160P-0fb2.csv,40.68049461199898
975,Vlog_2160P-1021.csv,115.51206594138958
976,Vlog_2160P-11c0.csv,59.63953673994585
977,Vlog_2160P-13a1.csv,58.58654611010737
978,Vlog_2160P-13fe.csv,74.49471812030133
979,Vlog_2160P-19f9.csv,159.74671519013867
980,Vlog_2160P-1ff6.csv,28.10122504251485
981,Vlog_2160P-217c.csv,97.40778946155285
982,Vlog_2160P-255c.csv,39.38393458738528
983,Vlog_2160P-266c.csv,99.88816189029599
984,Vlog_2160P-26ef.csv,71.53867457060677
985,Vlog_2160P-2953.csv,42.2863112344488
986,Vlog_2160P-2b2d.csv,68.33357352005562
987,Vlog_2160P-2b61.csv,66.67218975139909
988,Vlog_2160P-3019.csv,36.34431850527288
989,Vlog_2160P-310b.csv,47.54353189804571
990,Vlog_2160P-327a.csv,142.7568256309919
991,Vlog_2160P-342a.csv,65.372306914629
992,Vlog_2160P-3a75.csv,112.88259368981942
993,Vlog_2160P-408f.csv,31.088879938158435
994,Vlog_2160P-416c.csv,119.76846794669477
995,Vlog_2160P-4362.csv,59.967049218570175
996,Vlog_2160P-4419.csv,184.752086912084
997,Vlog_2160P-4655.csv,89.35116727161486
998,Vlog_2160P-4f98.csv,34.83131460880704
999,Vlog_2160P-522f.csv,121.79162038341
1000,Vlog_2160P-56e4.csv,112.29774429367819
1001,Vlog_2160P-5874.csv,140.8115335607454
1002,Vlog_2160P-62b2.csv,22.250275694111377
1003,Vlog_2160P-6629.csv,67.02008147322974
1004,Vlog_2160P-6bf1.csv,120.51997356520617
1005,Vlog_2160P-6f92.csv,59.62010987052072
1006,Vlog_2160P-700c.csv,38.02287939670944
1007,Vlog_2160P-70d6.csv,60.91757626512035
1008,Vlog_2160P-7295.csv,85.18288739190426
1009,Vlog_2160P-7324.csv,106.3129353514458
1010,Vlog_2160P-77d8.csv,56.34709191166858
1011,Vlog_2160P-7b10.csv,79.34372790751561
1012,Vlog_2160P-7b5c.csv,1836.323272577642
1013,Vlog_2160P-7bfb.csv,40.89395801142392
1014,Vlog_2160P-7f05.csv,126.51456761365026
1015,Vlog_2160P-7f9f.csv,25.4666754523573
1016,Vlog_360P-0432.csv,96.31530694865404
1017,Vlog_360P-1e5b.csv,176.65305019191402
1018,Vlog_360P-22a0.csv,77.75488783425193
1019,Vlog_360P-2973.csv,46.64764022096206
1020,Vlog_360P-2e9d.csv,65.89801630588376
1021,Vlog_360P-3121.csv,30.85884773200606
1022,Vlog_360P-3bc2.csv,43.836245968779586
1023,Vlog_360P-433e.csv,37.57418199959416
1024,Vlog_360P-435d.csv,30.495840468227602
1025,Vlog_360P-4697.csv,40.33617968302877
1026,Vlog_360P-4795.csv,42.58887163353408
1027,Vlog_360P-4ad1.csv,54.858778734559564
1028,Vlog_360P-4d71.csv,30.08802866508728
1029,Vlog_360P-5f43.csv,53.83952216899828
1030,Vlog_360P-6279.csv,31.322184684982204
1031,Vlog_360P-7334.csv,82.42983696843972
1032,Vlog_360P-76ae.csv,90.33475489511504
1033,Vlog_360P-7efe.csv,27.446263431200276
1034,Vlog_480P-08c7.csv,90.93545653637679
1035,Vlog_480P-0980.csv,38.602216718385876
1036,Vlog_480P-0ddc.csv,100.72149012367797
1037,Vlog_480P-1b39.csv,110.17459798328692
1038,Vlog_480P-206f.csv,113.732765987448
1039,Vlog_480P-279d.csv,1414.4654721233508
1040,Vlog_480P-2cad.csv,65.18493879341179
1041,Vlog_480P-34ba.csv,42.515554760867516
1042,Vlog_480P-476b.csv,66.86090426742908
1043,Vlog_480P-4beb.csv,60.85181261554429
1044,Vlog_480P-5275.csv,33.94397332376103
1045,Vlog_480P-535d.csv,75.97119871852284
1046,Vlog_480P-59dc.csv,39.54561964830314
1047,Vlog_480P-5a31.csv,68.66113253124503
1048,Vlog_480P-5dfe.csv,92.04904311318913
1049,Vlog_480P-5e1c.csv,47.81373370669847
1050,Vlog_480P-5ebd.csv,34.71523674484617
1051,Vlog_480P-6395.csv,3112.1998788067312
1052,Vlog_480P-6c60.csv,62.535407454939865
1053,Vlog_480P-7105.csv,187.37811551602368
1054,Vlog_480P-7237.csv,69.55764564921384
1055,Vlog_480P-7615.csv,49.18676681462667
1056,Vlog_480P-7754.csv,64.44478159743956
1057,Vlog_480P-7d0c.csv,239.5212314446193
1058,Vlog_480P-7ecf.csv,65.82413350916326
1059,Vlog_720P-033a.csv,30.451490505495563
1060,Vlog_720P-03d5.csv,81.3218887870727
1061,Vlog_720P-03f9.csv,32.59383023815989
1062,Vlog_720P-0d79.csv,62.32504177592639
1063,Vlog_720P-1003.csv,68.90612422084712
1064,Vlog_720P-11c5.csv,47.87678332644961
1065,Vlog_720P-135c.csv,27.88838468056785
1066,Vlog_720P-141f.csv,26.388526767407303
1067,Vlog_720P-155f.csv,107.88056994412366
1068,Vlog_720P-2929.csv,15.12689059858694
1069,Vlog_720P-313f.csv,146.69966937796963
1070,Vlog_720P-329f.csv,62.298391293054905
1071,Vlog_720P-32b2.csv,28.508869220489135
1072,Vlog_720P-343d.csv,12.403104903525684
1073,Vlog_720P-372d.csv,54.044706405040166
1074,Vlog_720P-3e9c.csv,50.16922268389133
1075,Vlog_720P-4e3d.csv,22.853652302337384
1076,Vlog_720P-5364.csv,43.17294163391925
1077,Vlog_720P-55b6.csv,43.90357473907285
1078,Vlog_720P-561e.csv,49.65209691927545
1079,Vlog_720P-5d08.csv,23.82444918924015
1080,Vlog_720P-60f8.csv,77.83790584377225
1081,Vlog_720P-6410.csv,57.54498029029925
1082,Vlog_720P-6d56.csv,286.4270084136515
